qualtricsID,questionNumber,modality,creditCost,travelTime,creditsBought,eurosSpent,creditsSold,eurosMade,price,Duration (in seconds),consent_1,consent_2,consent_3,mode_frequency_1,mode_frequency_2,mode_frequency_3,mode_frequency_4,car_license,age,gender,id,balance_before,balance_after,money_before,money_after,avgerageRate,averageRate,bike_time,bike_cost,pt_time,pt_cost,car_time,car_cost,block_1,block_2
6566427866,1,2,5,10,0.0,0.0,0.0,0.0,1.0,120,1,1,1,,,1.0,,2.0,29.0,2.0,6566427866,150,145,0.0,0.0,0,0.0,30,5,10,5,10,80,1,1
2932153315,1,1,5,30,10.0,10.0,0.0,0.0,1.0,56,1,1,1,3.0,1.0,3.0,1.0,1.0,28.0,1.0,2932153315,150,155,0.0,-10.0,0,0.0,30,5,10,5,10,80,1,1
4760904575,1,2,5,10,0.0,0.0,0.0,0.0,1.0,86,1,1,1,6.0,6.0,1.0,2.0,2.0,25.0,1.0,4760904575,150,145,0.0,0.0,0,0.0,30,5,10,5,10,80,1,1
9545588769,1,2,5,10,0.0,0.0,0.0,0.0,1.0,37,1,1,1,6.0,6.0,1.0,2.0,1.0,26.0,2.0,9545588769,150,145,0.0,0.0,0,0.0,30,5,10,5,10,80,1,1
5355622769,1,2,5,10,0.0,0.0,0.0,0.0,1.0,154,1,1,1,1.0,6.0,4.0,3.0,1.0,28.0,2.0,5355622769,150,145,0.0,0.0,0,0.0,30,5,10,5,10,80,1,1
1984440529,1,2,5,10,0.0,0.0,0.0,0.0,1.0,93,1,1,1,6.0,1.0,5.0,5.0,2.0,27.0,1.0,1984440529,150,145,0.0,0.0,0,0.0,30,5,10,5,10,80,1,1
3005409999,1,1,5,30,0.0,0.0,0.0,0.0,1.0,100,1,1,1,3.0,1.0,2.0,3.0,1.0,35.0,3.0,3005409999,150,145,0.0,0.0,0,0.0,30,5,10,5,10,80,1,1
6074099032,1,2,5,10,0.0,0.0,0.0,0.0,1.0,117,1,1,1,6.0,2.0,3.0,3.0,1.0,29.0,1.0,6074099032,150,145,0.0,0.0,0,0.0,30,5,10,5,10,80,1,1
9849100626,1,2,5,10,0.0,0.0,0.0,0.0,1.0,79,1,1,1,6.0,6.0,4.0,3.0,2.0,30.0,1.0,9849100626,150,145,0.0,0.0,0,0.0,30,5,10,5,10,80,1,1
5269841195,1,2,5,10,0.0,0.0,25.0,25.0,1.0,80,1,1,1,6.0,5.0,1.0,5.0,1.0,29.0,1.0,5269841195,150,120,0.0,25.0,0,0.0,30,5,10,5,10,80,1,1
7330349751,1,2,5,10,0.0,0.0,0.0,0.0,1.0,148,1,1,1,3.0,6.0,1.0,2.0,1.0,26.0,1.0,7330349751,150,145,0.0,0.0,0,0.0,30,5,10,5,10,80,1,1
7119931678,1,1,5,30,0.0,0.0,0.0,0.0,1.0,127,1,1,1,4.0,6.0,2.0,2.0,1.0,28.0,2.0,7119931678,150,145,0.0,0.0,0,0.0,30,5,10,5,10,80,1,1
8304151308,1,2,5,10,0.0,0.0,0.0,0.0,1.0,109,1,1,1,1.0,6.0,6.0,6.0,1.0,28.0,1.0,8304151308,150,145,0.0,0.0,0,0.0,30,5,10,5,10,80,1,1
4226521395,1,2,5,10,0.0,0.0,0.0,0.0,1.0,120,1,1,1,1.0,6.0,5.0,6.0,1.0,28.0,2.0,4226521395,150,145,0.0,0.0,0,0.0,30,5,10,5,10,80,1,1
4236072823,1,2,5,10,0.0,0.0,0.0,0.0,1.0,138,1,1,1,4.0,1.0,5.0,3.0,2.0,35.0,2.0,4236072823,150,145,0.0,0.0,0,0.0,30,5,10,5,10,80,1,1
1973059711,1,1,5,30,0.0,0.0,0.0,0.0,1.0,73,1,1,1,2.0,2.0,3.0,3.0,1.0,53.0,1.0,1973059711,150,145,0.0,0.0,0,0.0,30,5,10,5,10,80,1,1
2369656739,1,2,5,10,0.0,0.0,0.0,0.0,1.0,132,1,1,1,5.0,4.0,1.0,2.0,1.0,27.0,1.0,2369656739,150,145,0.0,0.0,0,0.0,30,5,10,5,10,80,1,1
5996078519,1,2,5,10,0.0,0.0,0.0,0.0,1.0,93,1,1,1,6.0,6.0,2.0,1.0,2.0,26.0,2.0,5996078519,150,145,0.0,0.0,0,0.0,30,5,10,5,10,80,1,1
8454002637,1,2,5,10,0.0,0.0,0.0,0.0,1.0,126,1,1,1,1.0,6.0,3.0,3.0,1.0,24.0,1.0,8454002637,150,145,0.0,0.0,0,0.0,30,5,10,5,10,80,1,1
6858952181,1,2,5,10,0.0,0.0,0.0,0.0,1.0,178,1,1,1,6.0,6.0,2.0,3.0,1.0,30.0,2.0,6858952181,150,145,0.0,0.0,0,0.0,30,5,10,5,10,80,1,1
7246225310,1,2,5,10,0.0,0.0,0.0,0.0,1.0,104,1,1,1,3.0,2.0,1.0,3.0,1.0,25.0,1.0,7246225310,150,145,0.0,0.0,0,0.0,30,5,10,5,10,80,1,1
1798540681,1,1,5,30,0.0,0.0,0.0,0.0,1.0,148,1,1,1,4.0,3.0,2.0,5.0,1.0,24.0,2.0,1798540681,150,145,0.0,0.0,0,0.0,30,5,10,5,10,80,1,1
5783822563,1,2,5,10,50.0,50.0,0.0,0.0,1.0,135,1,1,1,4.0,1.0,2.0,2.0,2.0,25.0,2.0,5783822563,150,195,0.0,-50.0,0,0.0,30,5,10,5,10,80,1,1
5245341941,1,2,5,10,0.0,0.0,0.0,0.0,1.0,121,1,1,1,6.0,1.0,3.0,3.0,1.0,26.0,1.0,5245341941,150,145,0.0,0.0,0,0.0,30,5,10,5,10,80,1,1
4195501826,1,1,5,30,0.0,0.0,75.0,75.0,1.0,78,1,1,1,6.0,1.0,2.0,2.0,1.0,57.0,1.0,4195501826,150,70,0.0,75.0,0,0.0,30,5,10,5,10,80,1,1
1471072142,1,1,5,30,0.0,0.0,0.0,0.0,1.0,164,1,1,1,4.0,1.0,2.0,4.0,1.0,26.0,2.0,1471072142,150,145,0.0,0.0,0,0.0,30,5,10,5,10,80,1,1
2710022217,1,2,5,10,0.0,0.0,0.0,0.0,1.0,108,1,1,1,6.0,1.0,1.0,3.0,1.0,23.0,1.0,2710022217,150,145,0.0,0.0,0,0.0,30,5,10,5,10,80,1,1
6973848471,1,1,5,30,0.0,0.0,0.0,0.0,1.0,55,1,1,1,5.0,2.0,1.0,1.0,1.0,33.0,2.0,6973848471,150,145,0.0,0.0,0,0.0,30,5,10,5,10,80,1,1
8674317530,1,2,5,10,0.0,0.0,0.0,0.0,1.0,270,1,1,1,3.0,1.0,3.0,5.0,1.0,51.0,1.0,8674317530,150,145,0.0,0.0,0,0.0,30,5,10,5,10,80,1,1
8851466302,1,2,5,10,0.0,0.0,0.0,0.0,1.0,135,1,1,1,6.0,1.0,1.0,1.0,1.0,23.0,2.0,8851466302,150,145,0.0,0.0,0,0.0,30,5,10,5,10,80,1,1
1889616520,1,1,5,30,0.0,0.0,0.0,0.0,1.0,120,1,1,1,6.0,6.0,5.0,5.0,1.0,26.0,2.0,1889616520,150,145,0.0,0.0,0,0.0,30,5,10,5,10,80,1,1
4776140088,1,2,5,10,0.0,0.0,0.0,0.0,1.0,177,1,1,1,3.0,1.0,5.0,3.0,1.0,42.0,1.0,4776140088,150,145,0.0,0.0,0,0.0,30,5,10,5,10,80,1,1
9672366725,1,2,5,10,0.0,0.0,0.0,0.0,1.0,202,1,1,1,4.0,1.0,3.0,3.0,1.0,32.0,1.0,9672366725,150,145,0.0,0.0,0,0.0,30,5,10,5,10,80,1,1
5553789769,1,1,5,30,0.0,0.0,0.0,0.0,1.0,93,1,1,1,6.0,1.0,3.0,4.0,1.0,47.0,1.0,5553789769,150,145,0.0,0.0,0,0.0,30,5,10,5,10,80,1,1
1992447652,1,2,5,10,0.0,0.0,0.0,0.0,1.0,129,1,1,1,6.0,6.0,4.0,3.0,1.0,27.0,1.0,1992447652,150,145,0.0,0.0,0,0.0,30,5,10,5,10,80,1,1
6566427866,2,1,3,10,0.0,0.0,0.0,0.0,0.9701492537313434,120,1,1,1,,,1.0,,2.0,29.0,2.0,6566427866,145,142,0.0,0.0,0,1.0,10,3,30,15,30,50,0,1
2932153315,2,1,3,10,0.0,0.0,0.0,0.0,0.9701492537313434,56,1,1,1,3.0,1.0,3.0,1.0,1.0,28.0,1.0,2932153315,142,139,0.0,0.0,0,0.0,10,3,30,15,30,50,0,1
4760904575,2,2,15,30,0.0,0.0,0.0,0.0,0.9701492537313434,86,1,1,1,6.0,6.0,1.0,2.0,2.0,25.0,1.0,4760904575,139,124,0.0,0.0,0,0.9701492537313434,10,3,30,15,30,50,0,1
9545588769,2,2,15,30,0.0,0.0,0.0,0.0,0.9701492537313434,37,1,1,1,6.0,6.0,1.0,2.0,1.0,26.0,2.0,9545588769,124,109,0.0,0.0,0,0.9701492537313434,10,3,30,15,30,50,0,1
5355622769,2,1,3,10,0.0,0.0,0.0,0.0,0.9701492537313434,154,1,1,1,1.0,6.0,4.0,3.0,1.0,28.0,2.0,5355622769,109,106,0.0,0.0,0,0.9701492537313433,10,3,30,15,30,50,0,1
1984440529,2,1,3,10,0.0,0.0,0.0,0.0,0.9701492537313434,93,1,1,1,6.0,1.0,5.0,5.0,2.0,27.0,1.0,1984440529,106,103,0.0,0.0,0,0.9701492537313434,10,3,30,15,30,50,0,1
3005409999,2,1,3,10,0.0,0.0,0.0,0.0,0.9701492537313434,100,1,1,1,3.0,1.0,2.0,3.0,1.0,35.0,3.0,3005409999,103,100,0.0,0.0,0,0.9701492537313434,10,3,30,15,30,50,0,1
6074099032,2,1,3,10,0.0,0.0,0.0,0.0,0.9701492537313434,117,1,1,1,6.0,2.0,3.0,3.0,1.0,29.0,1.0,6074099032,100,97,0.0,0.0,0,0.9701492537313435,10,3,30,15,30,50,0,1
9849100626,2,1,3,10,10.0,9.701492537313436,0.0,0.0,0.9701492537313434,79,1,1,1,6.0,6.0,4.0,3.0,2.0,30.0,1.0,9849100626,97,104,0.0,-9.701492537313436,0,0.9701492537313435,10,3,30,15,30,50,0,1
5269841195,2,1,3,10,0.0,0.0,0.0,0.0,0.9701492537313434,80,1,1,1,6.0,5.0,1.0,5.0,1.0,29.0,1.0,5269841195,104,101,-9.701492537313436,-9.701492537313436,0,0.9701492537313434,10,3,30,15,30,50,0,1
7330349751,2,1,3,10,0.0,0.0,0.0,0.0,0.9701492537313434,148,1,1,1,3.0,6.0,1.0,2.0,1.0,26.0,1.0,7330349751,101,98,-9.701492537313436,-9.701492537313436,0,0.9701492537313433,10,3,30,15,30,50,0,1
7119931678,2,1,3,10,0.0,0.0,0.0,0.0,0.9701492537313434,127,1,1,1,4.0,6.0,2.0,2.0,1.0,28.0,2.0,7119931678,98,95,-9.701492537313436,-9.701492537313436,0,0.9701492537313433,10,3,30,15,30,50,0,1
8304151308,2,1,3,10,0.0,0.0,0.0,0.0,0.9701492537313434,109,1,1,1,1.0,6.0,6.0,6.0,1.0,28.0,1.0,8304151308,95,92,-9.701492537313436,-9.701492537313436,0,0.9701492537313432,10,3,30,15,30,50,0,1
4226521395,2,1,3,10,0.0,0.0,0.0,0.0,0.9701492537313434,120,1,1,1,1.0,6.0,5.0,6.0,1.0,28.0,2.0,4226521395,92,89,-9.701492537313436,-9.701492537313436,0,0.0,10,3,30,15,30,50,0,1
4236072823,2,1,3,10,0.0,0.0,0.0,0.0,0.9701492537313434,138,1,1,1,4.0,1.0,5.0,3.0,2.0,35.0,2.0,4236072823,89,86,-9.701492537313436,-9.701492537313436,0,0.9701492537313434,10,3,30,15,30,50,0,1
1973059711,2,1,3,10,0.0,0.0,0.0,0.0,0.9701492537313434,73,1,1,1,2.0,2.0,3.0,3.0,1.0,53.0,1.0,1973059711,86,83,-9.701492537313436,-9.701492537313436,0,0.9701492537313434,10,3,30,15,30,50,0,1
2369656739,2,1,3,10,0.0,0.0,80.0,77.61194029850748,0.9701492537313434,132,1,1,1,5.0,4.0,1.0,2.0,1.0,27.0,1.0,2369656739,83,0,-9.701492537313436,67.91044776119404,0,0.9701492537313433,10,3,30,15,30,50,0,1
5996078519,2,1,3,10,0.0,0.0,0.0,0.0,0.9701492537313434,93,1,1,1,6.0,6.0,2.0,1.0,2.0,26.0,2.0,5996078519,0,-3,67.91044776119404,67.91044776119404,0,0.9701492537313434,10,3,30,15,30,50,0,1
8454002637,2,2,15,30,0.0,0.0,0.0,0.0,0.9701492537313434,126,1,1,1,1.0,6.0,3.0,3.0,1.0,24.0,1.0,8454002637,-3,-18,67.91044776119404,67.91044776119404,0,0.9701492537313434,10,3,30,15,30,50,0,1
6858952181,2,1,3,10,0.0,0.0,0.0,0.0,0.9701492537313434,178,1,1,1,6.0,6.0,2.0,3.0,1.0,30.0,2.0,6858952181,-18,-21,67.91044776119404,67.91044776119404,0,0.9701492537313435,10,3,30,15,30,50,0,1
7246225310,2,1,3,10,0.0,0.0,0.0,0.0,0.9701492537313434,104,1,1,1,3.0,2.0,1.0,3.0,1.0,25.0,1.0,7246225310,-21,-24,67.91044776119404,67.91044776119404,0,0.9701492537313435,10,3,30,15,30,50,0,1
1798540681,2,1,3,10,0.0,0.0,10.0,9.701492537313436,0.9701492537313434,148,1,1,1,4.0,3.0,2.0,5.0,1.0,24.0,2.0,1798540681,-24,-37,67.91044776119404,77.61194029850748,0,0.9701492537313434,10,3,30,15,30,50,0,1
5783822563,2,1,3,10,25.0,24.253731343283587,0.0,0.0,0.9701492537313434,135,1,1,1,4.0,1.0,2.0,2.0,2.0,25.0,2.0,5783822563,-37,-15,77.61194029850748,53.35820895522389,0,0.9701492537313433,10,3,30,15,30,50,0,1
5245341941,2,1,3,10,0.0,0.0,0.0,0.0,0.9701492537313434,121,1,1,1,6.0,1.0,3.0,3.0,1.0,26.0,1.0,5245341941,-15,-18,53.35820895522389,53.35820895522389,0,0.9701492537313433,10,3,30,15,30,50,0,1
4195501826,2,1,3,10,0.0,0.0,0.0,0.0,0.9701492537313434,78,1,1,1,6.0,1.0,2.0,2.0,1.0,57.0,1.0,4195501826,-18,-21,53.35820895522389,53.35820895522389,0,0.9701492537313432,10,3,30,15,30,50,0,1
1471072142,2,1,3,10,0.0,0.0,0.0,0.0,0.9701492537313434,164,1,1,1,4.0,1.0,2.0,4.0,1.0,26.0,2.0,1471072142,-21,-24,53.35820895522389,53.35820895522389,0,0.0,10,3,30,15,30,50,0,1
2710022217,2,1,3,10,0.0,0.0,0.0,0.0,0.9701492537313434,108,1,1,1,6.0,1.0,1.0,3.0,1.0,23.0,1.0,2710022217,-24,-27,53.35820895522389,53.35820895522389,0,0.9701492537313434,10,3,30,15,30,50,0,1
6973848471,2,1,3,10,0.0,0.0,0.0,0.0,0.9701492537313434,55,1,1,1,5.0,2.0,1.0,1.0,1.0,33.0,2.0,6973848471,-27,-30,53.35820895522389,53.35820895522389,0,0.9701492537313434,10,3,30,15,30,50,0,1
8674317530,2,1,3,10,0.0,0.0,0.0,0.0,0.9701492537313434,270,1,1,1,3.0,1.0,3.0,5.0,1.0,51.0,1.0,8674317530,-30,-33,53.35820895522389,53.35820895522389,0,0.9701492537313433,10,3,30,15,30,50,0,1
8851466302,2,2,15,30,0.0,0.0,0.0,0.0,0.9701492537313434,135,1,1,1,6.0,1.0,1.0,1.0,1.0,23.0,2.0,8851466302,-33,-48,53.35820895522389,53.35820895522389,0,0.9701492537313434,10,3,30,15,30,50,0,1
1889616520,2,1,3,10,0.0,0.0,0.0,0.0,0.9701492537313434,120,1,1,1,6.0,6.0,5.0,5.0,1.0,26.0,2.0,1889616520,-48,-51,53.35820895522389,53.35820895522389,0,0.9701492537313434,10,3,30,15,30,50,0,1
4776140088,2,1,3,10,0.0,0.0,50.0,48.50746268656717,0.9701492537313434,177,1,1,1,3.0,1.0,5.0,3.0,1.0,42.0,1.0,4776140088,-51,-104,53.35820895522389,101.86567164179107,0,0.9701492537313435,10,3,30,15,30,50,0,1
9672366725,2,1,3,10,0.0,0.0,3.0,2.91044776119403,0.9701492537313434,202,1,1,1,4.0,1.0,3.0,3.0,1.0,32.0,1.0,9672366725,-104,-110,101.86567164179107,104.7761194029851,0,0.9701492537313435,10,3,30,15,30,50,0,1
5553789769,2,1,3,10,0.0,0.0,0.0,0.0,0.9701492537313434,93,1,1,1,6.0,1.0,3.0,4.0,1.0,47.0,1.0,5553789769,-110,-113,104.7761194029851,104.7761194029851,0,0.9701492537313434,10,3,30,15,30,50,0,1
1992447652,2,1,3,10,0.0,0.0,0.0,0.0,0.9701492537313434,129,1,1,1,6.0,6.0,4.0,3.0,1.0,27.0,1.0,1992447652,-113,-116,104.7761194029851,104.7761194029851,0,0.9701492537313433,10,3,30,15,30,50,0,1
6566427866,3,2,25,10,0.0,0.0,0.0,0.0,0.8939299622160778,120,1,1,1,,,1.0,,2.0,29.0,2.0,6566427866,-116,-141,104.7761194029851,104.7761194029851,0,0.9701492537313433,30,1,10,25,10,20,0,0
2932153315,3,3,20,10,25.0,22.348249055401944,0.0,0.0,0.8939299622160778,56,1,1,1,3.0,1.0,3.0,1.0,1.0,28.0,1.0,2932153315,-141,-136,104.7761194029851,82.42787034758317,0,0.9632202272299555,30,1,10,25,10,20,0,0
4760904575,3,2,25,10,0.0,0.0,0.0,0.0,0.8939299622160778,86,1,1,1,6.0,6.0,1.0,2.0,2.0,25.0,1.0,4760904575,-136,-161,82.42787034758317,82.42787034758317,0,0.0,30,1,10,25,10,20,0,0
9545588769,3,3,20,10,0.0,0.0,0.0,0.0,0.8939299622160778,37,1,1,1,6.0,6.0,1.0,2.0,1.0,26.0,2.0,9545588769,-161,-181,82.42787034758317,82.42787034758317,0,0.8939299622160778,30,1,10,25,10,20,0,0
5355622769,3,3,20,10,0.0,0.0,0.0,0.0,0.8939299622160778,154,1,1,1,1.0,6.0,4.0,3.0,1.0,28.0,2.0,5355622769,-181,-201,82.42787034758317,82.42787034758317,0,0.8939299622160778,30,1,10,25,10,20,0,0
1984440529,3,3,20,10,0.0,0.0,0.0,0.0,0.8939299622160778,93,1,1,1,6.0,1.0,5.0,5.0,2.0,27.0,1.0,1984440529,-201,-221,82.42787034758317,82.42787034758317,0,0.8939299622160778,30,1,10,25,10,20,0,0
3005409999,3,3,20,10,0.0,0.0,0.0,0.0,0.8939299622160778,100,1,1,1,3.0,1.0,2.0,3.0,1.0,35.0,3.0,3005409999,-221,-241,82.42787034758317,82.42787034758317,0,0.8939299622160778,30,1,10,25,10,20,0,0
6074099032,3,3,20,10,0.0,0.0,0.0,0.0,0.8939299622160778,117,1,1,1,6.0,2.0,3.0,3.0,1.0,29.0,1.0,6074099032,-241,-261,82.42787034758317,82.42787034758317,0,0.8939299622160778,30,1,10,25,10,20,0,0
9849100626,3,3,20,10,0.0,0.0,0.0,0.0,0.8939299622160778,79,1,1,1,6.0,6.0,4.0,3.0,2.0,30.0,1.0,9849100626,-261,-281,82.42787034758317,82.42787034758317,0,0.8939299622160778,30,1,10,25,10,20,0,0
5269841195,3,2,25,10,0.0,0.0,0.0,0.0,0.8939299622160778,80,1,1,1,6.0,5.0,1.0,5.0,1.0,29.0,1.0,5269841195,-281,-306,82.42787034758317,82.42787034758317,0,0.8939299622160777,30,1,10,25,10,20,0,0
7330349751,3,3,20,10,0.0,0.0,0.0,0.0,0.8939299622160778,148,1,1,1,3.0,6.0,1.0,2.0,1.0,26.0,1.0,7330349751,-306,-326,82.42787034758317,82.42787034758317,0,0.8939299622160778,30,1,10,25,10,20,0,0
7119931678,3,2,25,10,0.0,0.0,0.0,0.0,0.8939299622160778,127,1,1,1,4.0,6.0,2.0,2.0,1.0,28.0,2.0,7119931678,-326,-351,82.42787034758317,82.42787034758317,0,0.8939299622160779,30,1,10,25,10,20,0,0
8304151308,3,3,20,10,0.0,0.0,0.0,0.0,0.8939299622160778,109,1,1,1,1.0,6.0,6.0,6.0,1.0,28.0,1.0,8304151308,-351,-371,82.42787034758317,82.42787034758317,0,0.8939299622160778,30,1,10,25,10,20,0,0
4226521395,3,3,20,10,0.0,0.0,0.0,0.0,0.8939299622160778,120,1,1,1,1.0,6.0,5.0,6.0,1.0,28.0,2.0,4226521395,-371,-391,82.42787034758317,82.42787034758317,0,0.8939299622160778,30,1,10,25,10,20,0,0
4236072823,3,3,20,10,0.0,0.0,0.0,0.0,0.8939299622160778,138,1,1,1,4.0,1.0,5.0,3.0,2.0,35.0,2.0,4236072823,-391,-411,82.42787034758317,82.42787034758317,0,0.0,30,1,10,25,10,20,0,0
1973059711,3,3,20,10,0.0,0.0,0.0,0.0,0.8939299622160778,73,1,1,1,2.0,2.0,3.0,3.0,1.0,53.0,1.0,1973059711,-411,-431,82.42787034758317,82.42787034758317,0,0.8939299622160778,30,1,10,25,10,20,0,0
2369656739,3,2,25,10,0.0,0.0,0.0,0.0,0.8939299622160778,132,1,1,1,5.0,4.0,1.0,2.0,1.0,27.0,1.0,2369656739,-431,-456,82.42787034758317,82.42787034758317,0,0.8939299622160778,30,1,10,25,10,20,0,0
5996078519,3,2,25,10,0.0,0.0,0.0,0.0,0.8939299622160778,93,1,1,1,6.0,6.0,2.0,1.0,2.0,26.0,2.0,5996078519,-456,-481,82.42787034758317,82.42787034758317,0,0.8939299622160778,30,1,10,25,10,20,0,0
8454002637,3,3,20,10,0.0,0.0,0.0,0.0,0.8939299622160778,126,1,1,1,1.0,6.0,3.0,3.0,1.0,24.0,1.0,8454002637,-481,-501,82.42787034758317,82.42787034758317,0,0.8939299622160778,30,1,10,25,10,20,0,0
6858952181,3,2,25,10,0.0,0.0,0.0,0.0,0.8939299622160778,178,1,1,1,6.0,6.0,2.0,3.0,1.0,30.0,2.0,6858952181,-501,-526,82.42787034758317,82.42787034758317,0,0.8939299622160778,30,1,10,25,10,20,0,0
7246225310,3,3,20,10,20.0,17.878599244321556,0.0,0.0,0.8939299622160778,104,1,1,1,3.0,2.0,1.0,3.0,1.0,25.0,1.0,7246225310,-526,-526,82.42787034758317,64.54927110326162,0,0.8939299622160778,30,1,10,25,10,20,0,0
1798540681,3,3,20,10,0.0,0.0,0.0,0.0,0.8939299622160778,148,1,1,1,4.0,3.0,2.0,5.0,1.0,24.0,2.0,1798540681,-526,-546,64.54927110326162,64.54927110326162,0,0.8939299622160777,30,1,10,25,10,20,0,0
5783822563,3,3,20,10,20.0,17.878599244321556,0.0,0.0,0.8939299622160778,135,1,1,1,4.0,1.0,2.0,2.0,2.0,25.0,2.0,5783822563,-546,-546,64.54927110326162,46.67067185894006,0,0.8939299622160778,30,1,10,25,10,20,0,0
5245341941,3,3,20,10,0.0,0.0,0.0,0.0,0.8939299622160778,121,1,1,1,6.0,1.0,3.0,3.0,1.0,26.0,1.0,5245341941,-546,-566,46.67067185894006,46.67067185894006,0,0.8939299622160779,30,1,10,25,10,20,0,0
4195501826,3,1,1,30,0.0,0.0,0.0,0.0,0.8939299622160778,78,1,1,1,6.0,1.0,2.0,2.0,1.0,57.0,1.0,4195501826,-566,-567,46.67067185894006,46.67067185894006,0,0.8939299622160778,30,1,10,25,10,20,0,0
1471072142,3,2,25,10,0.0,0.0,0.0,0.0,0.8939299622160778,164,1,1,1,4.0,1.0,2.0,4.0,1.0,26.0,2.0,1471072142,-567,-592,46.67067185894006,46.67067185894006,0,0.8939299622160778,30,1,10,25,10,20,0,0
2710022217,3,2,25,10,0.0,0.0,0.0,0.0,0.8939299622160778,108,1,1,1,6.0,1.0,1.0,3.0,1.0,23.0,1.0,2710022217,-592,-617,46.67067185894006,46.67067185894006,0,0.0,30,1,10,25,10,20,0,0
6973848471,3,2,25,10,0.0,0.0,0.0,0.0,0.8939299622160778,55,1,1,1,5.0,2.0,1.0,1.0,1.0,33.0,2.0,6973848471,-617,-642,46.67067185894006,46.67067185894006,0,0.8939299622160778,30,1,10,25,10,20,0,0
8674317530,3,3,20,10,40.0,35.75719848864311,0.0,0.0,0.8939299622160778,270,1,1,1,3.0,1.0,3.0,5.0,1.0,51.0,1.0,8674317530,-642,-622,46.67067185894006,10.913473370296948,0,0.8939299622160778,30,1,10,25,10,20,0,0
8851466302,3,2,25,10,0.0,0.0,0.0,0.0,0.8939299622160778,135,1,1,1,6.0,1.0,1.0,1.0,1.0,23.0,2.0,8851466302,-622,-647,10.913473370296948,10.913473370296948,0,0.8939299622160778,30,1,10,25,10,20,0,0
1889616520,3,2,25,10,0.0,0.0,0.0,0.0,0.8939299622160778,120,1,1,1,6.0,6.0,5.0,5.0,1.0,26.0,2.0,1889616520,-647,-672,10.913473370296948,10.913473370296948,0,0.8939299622160778,30,1,10,25,10,20,0,0
4776140088,3,3,20,10,0.0,0.0,0.0,0.0,0.8939299622160778,177,1,1,1,3.0,1.0,5.0,3.0,1.0,42.0,1.0,4776140088,-672,-692,10.913473370296948,10.913473370296948,0,0.8939299622160778,30,1,10,25,10,20,0,0
9672366725,3,1,1,30,0.0,0.0,20.0,17.878599244321556,0.8939299622160778,202,1,1,1,4.0,1.0,3.0,3.0,1.0,32.0,1.0,9672366725,-692,-713,10.913473370296948,28.792072614618505,0,0.8939299622160778,30,1,10,25,10,20,0,0
5553789769,3,2,25,10,0.0,0.0,0.0,0.0,0.8939299622160778,93,1,1,1,6.0,1.0,3.0,4.0,1.0,47.0,1.0,5553789769,-713,-738,28.792072614618505,28.792072614618505,0,0.8939299622160777,30,1,10,25,10,20,0,0
1992447652,3,3,20,10,0.0,0.0,0.0,0.0,0.8939299622160778,129,1,1,1,6.0,6.0,4.0,3.0,1.0,27.0,1.0,1992447652,-738,-758,28.792072614618505,28.792072614618505,0,0.8939299622160778,30,1,10,25,10,20,0,0
6566427866,4,1,1,20,0.0,0.0,0.0,0.0,0.95553864880124,120,1,1,1,,,1.0,,2.0,29.0,2.0,6566427866,-758,-759,28.792072614618505,28.792072614618505,0,0.8939299622160779,20,1,20,25,20,80,0,1
2932153315,4,1,1,20,0.0,0.0,0.0,0.0,0.95553864880124,56,1,1,1,3.0,1.0,3.0,1.0,1.0,28.0,1.0,2932153315,-759,-760,28.792072614618505,28.792072614618505,0,0.900090830874594,20,1,20,25,20,80,0,1
4760904575,4,1,1,20,0.0,0.0,0.0,0.0,0.95553864880124,86,1,1,1,6.0,6.0,1.0,2.0,2.0,25.0,1.0,4760904575,-760,-761,28.792072614618505,28.792072614618505,0,0.905131541595198,20,1,20,25,20,80,0,1
9545588769,4,1,1,20,0.0,0.0,20.0,19.1107729760248,0.95553864880124,37,1,1,1,6.0,6.0,1.0,2.0,1.0,26.0,2.0,9545588769,-761,-782,28.792072614618505,47.90284559064331,0,0.0,20,1,20,25,20,80,0,1
5355622769,4,2,25,20,0.0,0.0,0.0,0.0,0.95553864880124,154,1,1,1,1.0,6.0,4.0,3.0,1.0,28.0,2.0,5355622769,-782,-807,47.90284559064331,47.90284559064331,0,0.95553864880124,20,1,20,25,20,80,0,1
1984440529,4,2,25,20,0.0,0.0,0.0,0.0,0.95553864880124,93,1,1,1,6.0,1.0,5.0,5.0,2.0,27.0,1.0,1984440529,-807,-832,47.90284559064331,47.90284559064331,0,0.95553864880124,20,1,20,25,20,80,0,1
3005409999,4,1,1,20,0.0,0.0,0.0,0.0,0.95553864880124,100,1,1,1,3.0,1.0,2.0,3.0,1.0,35.0,3.0,3005409999,-832,-833,47.90284559064331,47.90284559064331,0,0.95553864880124,20,1,20,25,20,80,0,1
6074099032,4,1,1,20,0.0,0.0,20.0,19.1107729760248,0.95553864880124,117,1,1,1,6.0,2.0,3.0,3.0,1.0,29.0,1.0,6074099032,-833,-854,47.90284559064331,67.01361856666811,0,0.95553864880124,20,1,20,25,20,80,0,1
9849100626,4,1,1,20,0.0,0.0,15.0,14.3330797320186,0.95553864880124,79,1,1,1,6.0,6.0,4.0,3.0,2.0,30.0,1.0,9849100626,-854,-870,67.01361856666811,81.34669829868672,0,0.9555386488012398,20,1,20,25,20,80,0,1
5269841195,4,1,1,20,0.0,0.0,90.0,85.9984783921116,0.95553864880124,80,1,1,1,6.0,5.0,1.0,5.0,1.0,29.0,1.0,5269841195,-870,-961,81.34669829868672,167.34517669079833,0,0.95553864880124,20,1,20,25,20,80,0,1
7330349751,4,1,1,20,0.0,0.0,0.0,0.0,0.95553864880124,148,1,1,1,3.0,6.0,1.0,2.0,1.0,26.0,1.0,7330349751,-961,-962,167.34517669079833,167.34517669079833,0,0.95553864880124,20,1,20,25,20,80,0,1
7119931678,4,1,1,20,0.0,0.0,0.0,0.0,0.95553864880124,127,1,1,1,4.0,6.0,2.0,2.0,1.0,28.0,2.0,7119931678,-962,-963,167.34517669079833,167.34517669079833,0,0.95553864880124,20,1,20,25,20,80,0,1
8304151308,4,1,1,20,0.0,0.0,6.0,5.73323189280744,0.95553864880124,109,1,1,1,1.0,6.0,6.0,6.0,1.0,28.0,1.0,8304151308,-963,-970,167.34517669079833,173.07840858360578,0,0.95553864880124,20,1,20,25,20,80,0,1
4226521395,4,1,1,20,0.0,0.0,10.0,9.5553864880124,0.95553864880124,120,1,1,1,1.0,6.0,5.0,6.0,1.0,28.0,2.0,4226521395,-970,-981,173.07840858360578,182.63379507161818,0,0.9555386488012398,20,1,20,25,20,80,0,1
4236072823,4,1,1,20,0.0,0.0,0.0,0.0,0.95553864880124,138,1,1,1,4.0,1.0,5.0,3.0,2.0,35.0,2.0,4236072823,-981,-982,182.63379507161818,182.63379507161818,0,0.9555386488012398,20,1,20,25,20,80,0,1
1973059711,4,1,1,20,0.0,0.0,0.0,0.0,0.95553864880124,73,1,1,1,2.0,2.0,3.0,3.0,1.0,53.0,1.0,1973059711,-982,-983,182.63379507161818,182.63379507161818,0,0.0,20,1,20,25,20,80,0,1
2369656739,4,1,1,20,0.0,0.0,12.0,11.46646378561488,0.95553864880124,132,1,1,1,5.0,4.0,1.0,2.0,1.0,27.0,1.0,2369656739,-983,-996,182.63379507161818,194.10025885723306,0,0.95553864880124,20,1,20,25,20,80,0,1
5996078519,4,1,1,20,0.0,0.0,20.0,19.1107729760248,0.95553864880124,93,1,1,1,6.0,6.0,2.0,1.0,2.0,26.0,2.0,5996078519,-996,-1017,194.10025885723306,213.21103183325786,0,0.95553864880124,20,1,20,25,20,80,0,1
8454002637,4,1,1,20,0.0,0.0,10.0,9.5553864880124,0.95553864880124,126,1,1,1,1.0,6.0,3.0,3.0,1.0,24.0,1.0,8454002637,-1017,-1028,213.21103183325786,222.76641832127027,0,0.95553864880124,20,1,20,25,20,80,0,1
6858952181,4,1,1,20,0.0,0.0,0.0,0.0,0.95553864880124,178,1,1,1,6.0,6.0,2.0,3.0,1.0,30.0,2.0,6858952181,-1028,-1029,222.76641832127027,222.76641832127027,0,0.95553864880124,20,1,20,25,20,80,0,1
7246225310,4,1,1,20,0.0,0.0,0.0,0.0,0.95553864880124,104,1,1,1,3.0,2.0,1.0,3.0,1.0,25.0,1.0,7246225310,-1029,-1030,222.76641832127027,222.76641832127027,0,0.9555386488012398,20,1,20,25,20,80,0,1
1798540681,4,1,1,20,0.0,0.0,10.0,9.5553864880124,0.95553864880124,148,1,1,1,4.0,3.0,2.0,5.0,1.0,24.0,2.0,1798540681,-1030,-1041,222.76641832127027,232.32180480928267,0,0.95553864880124,20,1,20,25,20,80,0,1
5783822563,4,1,1,20,0.0,0.0,80.0,76.44309190409919,0.95553864880124,135,1,1,1,4.0,1.0,2.0,2.0,2.0,25.0,2.0,5783822563,-1041,-1122,232.32180480928267,308.76489671338186,0,0.95553864880124,20,1,20,25,20,80,0,1
5245341941,4,2,25,20,0.0,0.0,40.0,38.2215459520496,0.95553864880124,121,1,1,1,6.0,1.0,3.0,3.0,1.0,26.0,1.0,5245341941,-1122,-1187,308.76489671338186,346.98644266543147,0,0.95553864880124,20,1,20,25,20,80,0,1
4195501826,4,1,1,20,0.0,0.0,40.0,38.2215459520496,0.95553864880124,78,1,1,1,6.0,1.0,2.0,2.0,1.0,57.0,1.0,4195501826,-1187,-1228,346.98644266543147,385.2079886174811,0,0.95553864880124,20,1,20,25,20,80,0,1
1471072142,4,1,1,20,0.0,0.0,0.0,0.0,0.95553864880124,164,1,1,1,4.0,1.0,2.0,4.0,1.0,26.0,2.0,1471072142,-1228,-1229,385.2079886174811,385.2079886174811,0,0.9555386488012398,20,1,20,25,20,80,0,1
2710022217,4,1,1,20,0.0,0.0,0.0,0.0,0.95553864880124,108,1,1,1,6.0,1.0,1.0,3.0,1.0,23.0,1.0,2710022217,-1229,-1230,385.2079886174811,385.2079886174811,0,0.9555386488012398,20,1,20,25,20,80,0,1
6973848471,4,1,1,20,0.0,0.0,0.0,0.0,0.95553864880124,55,1,1,1,5.0,2.0,1.0,1.0,1.0,33.0,2.0,6973848471,-1230,-1231,385.2079886174811,385.2079886174811,0,0.0,20,1,20,25,20,80,0,1
8674317530,4,1,1,20,0.0,0.0,0.0,0.0,0.95553864880124,270,1,1,1,3.0,1.0,3.0,5.0,1.0,51.0,1.0,8674317530,-1231,-1232,385.2079886174811,385.2079886174811,0,0.95553864880124,20,1,20,25,20,80,0,1
8851466302,4,2,25,20,0.0,0.0,0.0,0.0,0.95553864880124,135,1,1,1,6.0,1.0,1.0,1.0,1.0,23.0,2.0,8851466302,-1232,-1257,385.2079886174811,385.2079886174811,0,0.95553864880124,20,1,20,25,20,80,0,1
1889616520,4,1,1,20,0.0,0.0,0.0,0.0,0.95553864880124,120,1,1,1,6.0,6.0,5.0,5.0,1.0,26.0,2.0,1889616520,-1257,-1258,385.2079886174811,385.2079886174811,0,0.95553864880124,20,1,20,25,20,80,0,1
4776140088,4,1,1,20,0.0,0.0,0.0,0.0,0.95553864880124,177,1,1,1,3.0,1.0,5.0,3.0,1.0,42.0,1.0,4776140088,-1258,-1259,385.2079886174811,385.2079886174811,0,0.95553864880124,20,1,20,25,20,80,0,1
9672366725,4,1,1,20,0.0,0.0,24.0,22.93292757122976,0.95553864880124,202,1,1,1,4.0,1.0,3.0,3.0,1.0,32.0,1.0,9672366725,-1259,-1284,385.2079886174811,408.14091618871083,0,0.9555386488012398,20,1,20,25,20,80,0,1
5553789769,4,1,1,20,0.0,0.0,0.0,0.0,0.95553864880124,93,1,1,1,6.0,1.0,3.0,4.0,1.0,47.0,1.0,5553789769,-1284,-1285,408.14091618871083,408.14091618871083,0,0.95553864880124,20,1,20,25,20,80,0,1
1992447652,4,1,1,20,0.0,0.0,0.0,0.0,0.95553864880124,129,1,1,1,6.0,6.0,4.0,3.0,1.0,27.0,1.0,1992447652,-1285,-1286,408.14091618871083,408.14091618871083,0,0.95553864880124,20,1,20,25,20,80,0,1
6566427866,5,1,3,10,0.0,0.0,0.0,0.0,0.7228568800990774,120,1,1,1,,,1.0,,2.0,29.0,2.0,6566427866,-1286,-1289,408.14091618871083,408.14091618871083,0,0.95553864880124,10,3,30,15,30,50,1,1
2932153315,5,1,3,10,20.0,14.457137601981549,0.0,0.0,0.7228568800990774,56,1,1,1,3.0,1.0,3.0,1.0,1.0,28.0,1.0,2932153315,-1289,-1272,408.14091618871083,393.68377858672926,0,0.9296851189454441,10,3,30,15,30,50,1,1
4760904575,5,2,15,30,20.0,14.457137601981549,0.0,0.0,0.7228568800990774,86,1,1,1,6.0,6.0,1.0,2.0,2.0,25.0,1.0,4760904575,-1272,-1267,393.68377858672926,379.2266409847477,0,0.9090022950608075,10,3,30,15,30,50,1,1
9545588769,5,1,3,10,0.0,0.0,0.0,0.0,0.7228568800990774,37,1,1,1,6.0,6.0,1.0,2.0,1.0,26.0,2.0,9545588769,-1267,-1270,379.2266409847477,379.2266409847477,0,0.8920799846097412,10,3,30,15,30,50,1,1
5355622769,5,1,3,10,0.0,0.0,0.0,0.0,0.7228568800990774,154,1,1,1,1.0,6.0,4.0,3.0,1.0,28.0,2.0,5355622769,-1270,-1273,379.2266409847477,379.2266409847477,0,0.0,10,3,30,15,30,50,1,1
1984440529,5,1,3,10,0.0,0.0,0.0,0.0,0.7228568800990774,93,1,1,1,6.0,1.0,5.0,5.0,2.0,27.0,1.0,1984440529,-1273,-1276,379.2266409847477,379.2266409847477,0,0.7228568800990774,10,3,30,15,30,50,1,1
3005409999,5,1,3,10,50.0,36.14284400495387,0.0,0.0,0.7228568800990774,100,1,1,1,3.0,1.0,2.0,3.0,1.0,35.0,3.0,3005409999,-1276,-1229,379.2266409847477,343.0837969797938,0,0.7228568800990774,10,3,30,15,30,50,1,1
6074099032,5,1,3,10,0.0,0.0,0.0,0.0,0.7228568800990774,117,1,1,1,6.0,2.0,3.0,3.0,1.0,29.0,1.0,6074099032,-1229,-1232,343.0837969797938,343.0837969797938,0,0.7228568800990774,10,3,30,15,30,50,1,1
9849100626,5,1,3,10,5.0,3.614284400495387,0.0,0.0,0.7228568800990774,79,1,1,1,6.0,6.0,4.0,3.0,2.0,30.0,1.0,9849100626,-1232,-1230,343.0837969797938,339.46951257929845,0,0.7228568800990774,10,3,30,15,30,50,1,1
5269841195,5,1,3,10,100.0,72.28568800990774,0.0,0.0,0.7228568800990774,80,1,1,1,6.0,5.0,1.0,5.0,1.0,29.0,1.0,5269841195,-1230,-1133,339.46951257929845,267.1838245693907,0,0.7228568800990774,10,3,30,15,30,50,1,1
7330349751,5,1,3,10,0.0,0.0,0.0,0.0,0.7228568800990774,148,1,1,1,3.0,6.0,1.0,2.0,1.0,26.0,1.0,7330349751,-1133,-1136,267.1838245693907,267.1838245693907,0,0.7228568800990774,10,3,30,15,30,50,1,1
7119931678,5,1,3,10,10.0,7.228568800990774,0.0,0.0,0.7228568800990774,127,1,1,1,4.0,6.0,2.0,2.0,1.0,28.0,2.0,7119931678,-1136,-1129,267.1838245693907,259.9552557683999,0,0.7228568800990774,10,3,30,15,30,50,1,1
8304151308,5,1,3,10,8.0,5.78285504079262,0.0,0.0,0.7228568800990774,109,1,1,1,1.0,6.0,6.0,6.0,1.0,28.0,1.0,8304151308,-1129,-1124,259.9552557683999,254.1724007276073,0,0.7228568800990774,10,3,30,15,30,50,1,1
4226521395,5,1,3,10,0.0,0.0,0.0,0.0,0.7228568800990774,120,1,1,1,1.0,6.0,5.0,6.0,1.0,28.0,2.0,4226521395,-1124,-1127,254.1724007276073,254.1724007276073,0,0.7228568800990774,10,3,30,15,30,50,1,1
4236072823,5,1,3,10,0.0,0.0,0.0,0.0,0.7228568800990774,138,1,1,1,4.0,1.0,5.0,3.0,2.0,35.0,2.0,4236072823,-1127,-1130,254.1724007276073,254.1724007276073,0,0.7228568800990774,10,3,30,15,30,50,1,1
1973059711,5,1,3,10,0.0,0.0,0.0,0.0,0.7228568800990774,73,1,1,1,2.0,2.0,3.0,3.0,1.0,53.0,1.0,1973059711,-1130,-1133,254.1724007276073,254.1724007276073,0,0.7228568800990774,10,3,30,15,30,50,1,1
2369656739,5,1,3,10,0.0,0.0,0.0,0.0,0.7228568800990774,132,1,1,1,5.0,4.0,1.0,2.0,1.0,27.0,1.0,2369656739,-1133,-1136,254.1724007276073,254.1724007276073,0,0.0,10,3,30,15,30,50,1,1
5996078519,5,1,3,10,0.0,0.0,0.0,0.0,0.7228568800990774,93,1,1,1,6.0,6.0,2.0,1.0,2.0,26.0,2.0,5996078519,-1136,-1139,254.1724007276073,254.1724007276073,0,0.7228568800990774,10,3,30,15,30,50,1,1
8454002637,5,2,15,30,0.0,0.0,0.0,0.0,0.7228568800990774,126,1,1,1,1.0,6.0,3.0,3.0,1.0,24.0,1.0,8454002637,-1139,-1154,254.1724007276073,254.1724007276073,0,0.7228568800990774,10,3,30,15,30,50,1,1
6858952181,5,1,3,10,0.0,0.0,0.0,0.0,0.7228568800990774,178,1,1,1,6.0,6.0,2.0,3.0,1.0,30.0,2.0,6858952181,-1154,-1157,254.1724007276073,254.1724007276073,0,0.7228568800990774,10,3,30,15,30,50,1,1
7246225310,5,1,3,10,0.0,0.0,0.0,0.0,0.7228568800990774,104,1,1,1,3.0,2.0,1.0,3.0,1.0,25.0,1.0,7246225310,-1157,-1160,254.1724007276073,254.1724007276073,0,0.7228568800990774,10,3,30,15,30,50,1,1
1798540681,5,1,3,10,0.0,0.0,0.0,0.0,0.7228568800990774,148,1,1,1,4.0,3.0,2.0,5.0,1.0,24.0,2.0,1798540681,-1160,-1163,254.1724007276073,254.1724007276073,0,0.7228568800990774,10,3,30,15,30,50,1,1
5783822563,5,1,3,10,50.0,36.14284400495387,0.0,0.0,0.7228568800990774,135,1,1,1,4.0,1.0,2.0,2.0,2.0,25.0,2.0,5783822563,-1163,-1116,254.1724007276073,218.02955672265344,0,0.7228568800990774,10,3,30,15,30,50,1,1
5245341941,5,3,50,30,40.0,28.914275203963097,0.0,0.0,0.7228568800990774,121,1,1,1,6.0,1.0,3.0,3.0,1.0,26.0,1.0,5245341941,-1116,-1126,218.02955672265344,189.11528151869035,0,0.7228568800990774,10,3,30,15,30,50,1,1
4195501826,5,1,3,10,0.0,0.0,20.0,14.457137601981549,0.7228568800990774,78,1,1,1,6.0,1.0,2.0,2.0,1.0,57.0,1.0,4195501826,-1126,-1149,189.11528151869035,203.5724191206719,0,0.7228568800990774,10,3,30,15,30,50,1,1
1471072142,5,1,3,10,0.0,0.0,0.0,0.0,0.7228568800990774,164,1,1,1,4.0,1.0,2.0,4.0,1.0,26.0,2.0,1471072142,-1149,-1152,203.5724191206719,203.5724191206719,0,0.7228568800990774,10,3,30,15,30,50,1,1
2710022217,5,1,3,10,0.0,0.0,0.0,0.0,0.7228568800990774,108,1,1,1,6.0,1.0,1.0,3.0,1.0,23.0,1.0,2710022217,-1152,-1155,203.5724191206719,203.5724191206719,0,0.7228568800990774,10,3,30,15,30,50,1,1
6973848471,5,1,3,10,0.0,0.0,0.0,0.0,0.7228568800990774,55,1,1,1,5.0,2.0,1.0,1.0,1.0,33.0,2.0,6973848471,-1155,-1158,203.5724191206719,203.5724191206719,0,0.7228568800990774,10,3,30,15,30,50,1,1
8674317530,5,2,15,30,40.0,28.914275203963097,0.0,0.0,0.7228568800990774,270,1,1,1,3.0,1.0,3.0,5.0,1.0,51.0,1.0,8674317530,-1158,-1133,203.5724191206719,174.6581439167088,0,0.0,10,3,30,15,30,50,1,1
8851466302,5,1,3,10,0.0,0.0,0.0,0.0,0.7228568800990774,135,1,1,1,6.0,1.0,1.0,1.0,1.0,23.0,2.0,8851466302,-1133,-1136,174.6581439167088,174.6581439167088,0,0.7228568800990774,10,3,30,15,30,50,1,1
1889616520,5,1,3,10,4.0,2.89142752039631,0.0,0.0,0.7228568800990774,120,1,1,1,6.0,6.0,5.0,5.0,1.0,26.0,2.0,1889616520,-1136,-1135,174.6581439167088,171.7667163963125,0,0.7228568800990774,10,3,30,15,30,50,1,1
4776140088,5,1,3,10,0.0,0.0,15.0,10.84285320148616,0.7228568800990774,177,1,1,1,3.0,1.0,5.0,3.0,1.0,42.0,1.0,4776140088,-1135,-1153,171.7667163963125,182.60956959779864,0,0.7228568800990774,10,3,30,15,30,50,1,1
9672366725,5,1,3,10,0.0,0.0,2.0,1.445713760198155,0.7228568800990774,202,1,1,1,4.0,1.0,3.0,3.0,1.0,32.0,1.0,9672366725,-1153,-1158,182.60956959779864,184.05528335799679,0,0.7228568800990774,10,3,30,15,30,50,1,1
5553789769,5,1,3,10,0.0,0.0,0.0,0.0,0.7228568800990774,93,1,1,1,6.0,1.0,3.0,4.0,1.0,47.0,1.0,5553789769,-1158,-1161,184.05528335799679,184.05528335799679,0,0.7228568800990774,10,3,30,15,30,50,1,1
1992447652,5,1,3,10,0.0,0.0,0.0,0.0,0.7228568800990774,129,1,1,1,6.0,6.0,4.0,3.0,1.0,27.0,1.0,1992447652,-1161,-1164,184.05528335799679,184.05528335799679,0,0.7228568800990774,10,3,30,15,30,50,1,1
6566427866,6,2,5,20,0.0,0.0,0.0,0.0,0.9095949074580058,120,1,1,1,,,1.0,,2.0,29.0,2.0,6566427866,-1164,-1169,184.05528335799679,184.05528335799679,0,0.7228568800990774,10,5,20,5,30,50,1,0
2932153315,6,1,5,10,0.0,0.0,20.0,18.191898149160117,0.9095949074580058,56,1,1,1,3.0,1.0,3.0,1.0,1.0,28.0,1.0,2932153315,-1169,-1194,184.05528335799679,202.2471815071569,0,0.7461991335189435,10,5,20,5,30,50,1,0
4760904575,6,2,5,20,0.0,0.0,25.0,22.739872686450145,0.9095949074580058,86,1,1,1,6.0,6.0,1.0,2.0,2.0,25.0,1.0,4760904575,-1194,-1224,202.2471815071569,224.98705419360707,0,0.7643542195121726,10,5,20,5,30,50,1,0
9545588769,6,2,5,20,0.0,0.0,20.0,18.191898149160117,0.9095949074580058,37,1,1,1,6.0,6.0,1.0,2.0,1.0,26.0,2.0,9545588769,-1224,-1249,224.98705419360707,243.1789523427672,0,0.778878288306756,10,5,20,5,30,50,1,0
5355622769,6,2,5,20,0.0,0.0,5.0,4.547974537290028,0.9095949074580058,154,1,1,1,1.0,6.0,4.0,3.0,1.0,28.0,2.0,5355622769,-1249,-1259,243.1789523427672,247.72692688005722,0,0.790761617320506,10,5,20,5,30,50,1,0
1984440529,6,2,5,20,0.0,0.0,0.0,0.0,0.9095949074580058,93,1,1,1,6.0,1.0,5.0,5.0,2.0,27.0,1.0,1984440529,-1259,-1264,247.72692688005722,247.72692688005722,0,0.0,10,5,20,5,30,50,1,0
3005409999,6,2,5,20,0.0,0.0,50.0,45.47974537290029,0.9095949074580058,100,1,1,1,3.0,1.0,2.0,3.0,1.0,35.0,3.0,3005409999,-1264,-1319,247.72692688005722,293.2066722529575,0,0.9095949074580058,10,5,20,5,30,50,1,0
6074099032,6,2,5,20,0.0,0.0,20.0,18.191898149160117,0.9095949074580058,117,1,1,1,6.0,2.0,3.0,3.0,1.0,29.0,1.0,6074099032,-1319,-1344,293.2066722529575,311.3985704021176,0,0.9095949074580058,10,5,20,5,30,50,1,0
9849100626,6,2,5,20,0.0,0.0,18.0,16.372708334244102,0.9095949074580058,79,1,1,1,6.0,6.0,4.0,3.0,2.0,30.0,1.0,9849100626,-1344,-1367,311.3985704021176,327.77127873636175,0,0.9095949074580058,10,5,20,5,30,50,1,0
5269841195,6,2,5,20,0.0,0.0,90.0,81.86354167122052,0.9095949074580058,80,1,1,1,6.0,5.0,1.0,5.0,1.0,29.0,1.0,5269841195,-1367,-1462,327.77127873636175,409.63482040758225,0,0.9095949074580058,10,5,20,5,30,50,1,0
7330349751,6,2,5,20,0.0,0.0,0.0,0.0,0.9095949074580058,148,1,1,1,3.0,6.0,1.0,2.0,1.0,26.0,1.0,7330349751,-1462,-1467,409.63482040758225,409.63482040758225,0,0.9095949074580056,10,5,20,5,30,50,1,0
7119931678,6,2,5,20,0.0,0.0,10.0,9.095949074580057,0.9095949074580058,127,1,1,1,4.0,6.0,2.0,2.0,1.0,28.0,2.0,7119931678,-1467,-1482,409.63482040758225,418.7307694821623,0,0.9095949074580058,10,5,20,5,30,50,1,0
8304151308,6,2,5,20,0.0,0.0,10.0,9.095949074580057,0.9095949074580058,109,1,1,1,1.0,6.0,6.0,6.0,1.0,28.0,1.0,8304151308,-1482,-1497,418.7307694821623,427.8267185567424,0,0.9095949074580058,10,5,20,5,30,50,1,0
4226521395,6,2,5,20,0.0,0.0,0.0,0.0,0.9095949074580058,120,1,1,1,1.0,6.0,5.0,6.0,1.0,28.0,2.0,4226521395,-1497,-1502,427.8267185567424,427.8267185567424,0,0.9095949074580058,10,5,20,5,30,50,1,0
4236072823,6,2,5,20,0.0,0.0,20.0,18.191898149160117,0.9095949074580058,138,1,1,1,4.0,1.0,5.0,3.0,2.0,35.0,2.0,4236072823,-1502,-1527,427.8267185567424,446.0186167059025,0,0.9095949074580056,10,5,20,5,30,50,1,0
1973059711,6,2,5,20,0.0,0.0,0.0,0.0,0.9095949074580058,73,1,1,1,2.0,2.0,3.0,3.0,1.0,53.0,1.0,1973059711,-1527,-1532,446.0186167059025,446.0186167059025,0,0.9095949074580056,10,5,20,5,30,50,1,0
2369656739,6,2,5,20,0.0,0.0,0.0,0.0,0.9095949074580058,132,1,1,1,5.0,4.0,1.0,2.0,1.0,27.0,1.0,2369656739,-1532,-1537,446.0186167059025,446.0186167059025,0,0.9095949074580058,10,5,20,5,30,50,1,0
5996078519,6,2,5,20,0.0,0.0,0.0,0.0,0.9095949074580058,93,1,1,1,6.0,6.0,2.0,1.0,2.0,26.0,2.0,5996078519,-1537,-1542,446.0186167059025,446.0186167059025,0,0.0,10,5,20,5,30,50,1,0
8454002637,6,2,5,20,0.0,0.0,0.0,0.0,0.9095949074580058,126,1,1,1,1.0,6.0,3.0,3.0,1.0,24.0,1.0,8454002637,-1542,-1547,446.0186167059025,446.0186167059025,0,0.9095949074580058,10,5,20,5,30,50,1,0
6858952181,6,2,5,20,0.0,0.0,0.0,0.0,0.9095949074580058,178,1,1,1,6.0,6.0,2.0,3.0,1.0,30.0,2.0,6858952181,-1547,-1552,446.0186167059025,446.0186167059025,0,0.9095949074580058,10,5,20,5,30,50,1,0
7246225310,6,2,5,20,0.0,0.0,0.0,0.0,0.9095949074580058,104,1,1,1,3.0,2.0,1.0,3.0,1.0,25.0,1.0,7246225310,-1552,-1557,446.0186167059025,446.0186167059025,0,0.9095949074580058,10,5,20,5,30,50,1,0
1798540681,6,2,5,20,0.0,0.0,10.0,9.095949074580057,0.9095949074580058,148,1,1,1,4.0,3.0,2.0,5.0,1.0,24.0,2.0,1798540681,-1557,-1572,446.0186167059025,455.11456578048256,0,0.9095949074580058,10,5,20,5,30,50,1,0
5783822563,6,2,5,20,0.0,0.0,50.0,45.47974537290029,0.9095949074580058,135,1,1,1,4.0,1.0,2.0,2.0,2.0,25.0,2.0,5783822563,-1572,-1627,455.11456578048256,500.5943111533829,0,0.9095949074580056,10,5,20,5,30,50,1,0
5245341941,6,2,5,20,6.0,5.457569444748034,0.0,0.0,0.9095949074580058,121,1,1,1,6.0,1.0,3.0,3.0,1.0,26.0,1.0,5245341941,-1627,-1626,500.5943111533829,495.1367417086348,0,0.9095949074580058,10,5,20,5,30,50,1,0
4195501826,6,1,5,10,3.0,2.728784722374017,0.0,0.0,0.9095949074580058,78,1,1,1,6.0,1.0,2.0,2.0,1.0,57.0,1.0,4195501826,-1626,-1628,495.1367417086348,492.4079569862608,0,0.9095949074580058,10,5,20,5,30,50,1,0
1471072142,6,2,5,20,0.0,0.0,0.0,0.0,0.9095949074580058,164,1,1,1,4.0,1.0,2.0,4.0,1.0,26.0,2.0,1471072142,-1628,-1633,492.4079569862608,492.4079569862608,0,0.9095949074580058,10,5,20,5,30,50,1,0
2710022217,6,1,5,10,0.0,0.0,30.0,27.28784722374017,0.9095949074580058,108,1,1,1,6.0,1.0,1.0,3.0,1.0,23.0,1.0,2710022217,-1633,-1668,492.4079569862608,519.6958042100009,0,0.9095949074580056,10,5,20,5,30,50,1,0
6973848471,6,2,5,20,0.0,0.0,30.0,27.28784722374017,0.9095949074580058,55,1,1,1,5.0,2.0,1.0,1.0,1.0,33.0,2.0,6973848471,-1668,-1703,519.6958042100009,546.9836514337411,0,0.9095949074580056,10,5,20,5,30,50,1,0
8674317530,6,1,5,10,30.0,27.28784722374017,0.0,0.0,0.9095949074580058,270,1,1,1,3.0,1.0,3.0,5.0,1.0,51.0,1.0,8674317530,-1703,-1678,546.9836514337411,519.6958042100009,0,0.9095949074580058,10,5,20,5,30,50,1,0
8851466302,6,2,5,20,0.0,0.0,0.0,0.0,0.9095949074580058,135,1,1,1,6.0,1.0,1.0,1.0,1.0,23.0,2.0,8851466302,-1678,-1683,519.6958042100009,519.6958042100009,0,0.0,10,5,20,5,30,50,1,0
1889616520,6,2,5,20,0.0,0.0,0.0,0.0,0.9095949074580058,120,1,1,1,6.0,6.0,5.0,5.0,1.0,26.0,2.0,1889616520,-1683,-1688,519.6958042100009,519.6958042100009,0,0.9095949074580058,10,5,20,5,30,50,1,0
4776140088,6,1,5,10,0.0,0.0,0.0,0.0,0.9095949074580058,177,1,1,1,3.0,1.0,5.0,3.0,1.0,42.0,1.0,4776140088,-1688,-1693,519.6958042100009,519.6958042100009,0,0.9095949074580058,10,5,20,5,30,50,1,0
9672366725,6,1,5,10,0.0,0.0,25.0,22.739872686450145,0.9095949074580058,202,1,1,1,4.0,1.0,3.0,3.0,1.0,32.0,1.0,9672366725,-1693,-1723,519.6958042100009,542.435676896451,0,0.9095949074580058,10,5,20,5,30,50,1,0
5553789769,6,2,5,20,0.0,0.0,0.0,0.0,0.9095949074580058,93,1,1,1,6.0,1.0,3.0,4.0,1.0,47.0,1.0,5553789769,-1723,-1728,542.435676896451,542.435676896451,0,0.9095949074580058,10,5,20,5,30,50,1,0
1992447652,6,2,5,20,0.0,0.0,50.0,45.47974537290029,0.9095949074580058,129,1,1,1,6.0,6.0,4.0,3.0,1.0,27.0,1.0,1992447652,-1728,-1783,542.435676896451,587.9154222693513,0,0.9095949074580056,10,5,20,5,30,50,1,0
6566427866,7,2,25,10,0.0,0.0,0.0,0.0,0.6588539271736382,120,1,1,1,,,1.0,,2.0,29.0,2.0,6566427866,-1783,-1808,587.9154222693513,587.9154222693513,0,0.9095949074580058,30,1,10,25,10,20,1,0
2932153315,7,3,20,10,30.0,19.765617815209147,0.0,0.0,0.6588539271736382,56,1,1,1,3.0,1.0,3.0,1.0,1.0,28.0,1.0,2932153315,-1808,-1798,587.9154222693513,568.1498044541422,0,0.8737747674173818,30,1,10,25,10,20,1,0
4760904575,7,2,25,10,10.0,6.588539271736382,0.0,0.0,0.6588539271736382,86,1,1,1,6.0,6.0,1.0,2.0,2.0,25.0,1.0,4760904575,-1798,-1813,568.1498044541422,561.5612651824058,0,0.8469096623869139,30,1,10,25,10,20,1,0
9545588769,7,3,20,10,0.0,0.0,0.0,0.0,0.6588539271736382,37,1,1,1,6.0,6.0,1.0,2.0,1.0,26.0,2.0,9545588769,-1813,-1833,561.5612651824058,561.5612651824058,0,0.8260145806965499,30,1,10,25,10,20,1,0
5355622769,7,3,20,10,5.0,3.294269635868191,0.0,0.0,0.6588539271736382,154,1,1,1,1.0,6.0,4.0,3.0,1.0,28.0,2.0,5355622769,-1833,-1848,561.5612651824058,558.2669955465376,0,0.8092985153442587,30,1,10,25,10,20,1,0
1984440529,7,3,20,10,0.0,0.0,0.0,0.0,0.6588539271736382,93,1,1,1,6.0,1.0,5.0,5.0,2.0,27.0,1.0,1984440529,-1848,-1868,558.2669955465376,558.2669955465376,0,0.795621734601475,30,1,10,25,10,20,1,0
3005409999,7,3,20,10,100.0,65.88539271736383,0.0,0.0,0.6588539271736382,100,1,1,1,3.0,1.0,2.0,3.0,1.0,35.0,3.0,3005409999,-1868,-1788,558.2669955465376,492.38160282917374,0,0.0,30,1,10,25,10,20,1,0
6074099032,7,3,20,10,20.0,13.177078543472764,0.0,0.0,0.6588539271736382,117,1,1,1,6.0,2.0,3.0,3.0,1.0,29.0,1.0,6074099032,-1788,-1788,492.38160282917374,479.204524285701,0,0.6588539271736382,30,1,10,25,10,20,1,0
9849100626,7,3,20,10,20.0,13.177078543472764,0.0,0.0,0.6588539271736382,79,1,1,1,6.0,6.0,4.0,3.0,2.0,30.0,1.0,9849100626,-1788,-1788,479.204524285701,466.0274457422282,0,0.6588539271736382,30,1,10,25,10,20,1,0
5269841195,7,2,25,10,100.0,65.88539271736383,0.0,0.0,0.6588539271736382,80,1,1,1,6.0,5.0,1.0,5.0,1.0,29.0,1.0,5269841195,-1788,-1713,466.0274457422282,400.14205302486437,0,0.6588539271736382,30,1,10,25,10,20,1,0
7330349751,7,3,20,10,0.0,0.0,0.0,0.0,0.6588539271736382,148,1,1,1,3.0,6.0,1.0,2.0,1.0,26.0,1.0,7330349751,-1713,-1733,400.14205302486437,400.14205302486437,0,0.6588539271736382,30,1,10,25,10,20,1,0
7119931678,7,3,20,10,20.0,13.177078543472764,0.0,0.0,0.6588539271736382,127,1,1,1,4.0,6.0,2.0,2.0,1.0,28.0,2.0,7119931678,-1733,-1733,400.14205302486437,386.9649744813916,0,0.6588539271736382,30,1,10,25,10,20,1,0
8304151308,7,3,20,10,12.0,7.906247126083659,0.0,0.0,0.6588539271736382,109,1,1,1,1.0,6.0,6.0,6.0,1.0,28.0,1.0,8304151308,-1733,-1741,386.9649744813916,379.05872735530795,0,0.6588539271736381,30,1,10,25,10,20,1,0
4226521395,7,1,1,30,0.0,0.0,13.0,8.565101053257298,0.6588539271736382,120,1,1,1,1.0,6.0,5.0,6.0,1.0,28.0,2.0,4226521395,-1741,-1755,379.05872735530795,387.62382840856526,0,0.6588539271736381,30,1,10,25,10,20,1,0
4236072823,7,3,20,10,0.0,0.0,0.0,0.0,0.6588539271736382,138,1,1,1,4.0,1.0,5.0,3.0,2.0,35.0,2.0,4236072823,-1755,-1775,387.62382840856526,387.62382840856526,0,0.6588539271736382,30,1,10,25,10,20,1,0
1973059711,7,3,20,10,0.0,0.0,0.0,0.0,0.6588539271736382,73,1,1,1,2.0,2.0,3.0,3.0,1.0,53.0,1.0,1973059711,-1775,-1795,387.62382840856526,387.62382840856526,0,0.6588539271736382,30,1,10,25,10,20,1,0
2369656739,7,3,20,10,100.0,65.88539271736383,0.0,0.0,0.6588539271736382,132,1,1,1,5.0,4.0,1.0,2.0,1.0,27.0,1.0,2369656739,-1795,-1715,387.62382840856526,321.7384356912014,0,0.6588539271736382,30,1,10,25,10,20,1,0
5996078519,7,2,25,10,30.0,19.765617815209147,0.0,0.0,0.6588539271736382,93,1,1,1,6.0,6.0,2.0,1.0,2.0,26.0,2.0,5996078519,-1715,-1710,321.7384356912014,301.97281787599223,0,0.6588539271736381,30,1,10,25,10,20,1,0
8454002637,7,3,20,10,5.0,3.294269635868191,0.0,0.0,0.6588539271736382,126,1,1,1,1.0,6.0,3.0,3.0,1.0,24.0,1.0,8454002637,-1710,-1725,301.97281787599223,298.67854824012403,0,0.0,30,1,10,25,10,20,1,0
6858952181,7,2,25,10,0.0,0.0,0.0,0.0,0.6588539271736382,178,1,1,1,6.0,6.0,2.0,3.0,1.0,30.0,2.0,6858952181,-1725,-1750,298.67854824012403,298.67854824012403,0,0.6588539271736382,30,1,10,25,10,20,1,0
7246225310,7,3,20,10,0.0,0.0,0.0,0.0,0.6588539271736382,104,1,1,1,3.0,2.0,1.0,3.0,1.0,25.0,1.0,7246225310,-1750,-1770,298.67854824012403,298.67854824012403,0,0.6588539271736382,30,1,10,25,10,20,1,0
1798540681,7,3,20,10,20.0,13.177078543472764,0.0,0.0,0.6588539271736382,148,1,1,1,4.0,3.0,2.0,5.0,1.0,24.0,2.0,1798540681,-1770,-1770,298.67854824012403,285.50146969665127,0,0.6588539271736382,30,1,10,25,10,20,1,0
5783822563,7,3,20,10,30.0,19.765617815209147,0.0,0.0,0.6588539271736382,135,1,1,1,4.0,1.0,2.0,2.0,2.0,25.0,2.0,5783822563,-1770,-1760,285.50146969665127,265.7358518814421,0,0.6588539271736382,30,1,10,25,10,20,1,0
5245341941,7,2,25,10,0.0,0.0,0.0,0.0,0.6588539271736382,121,1,1,1,6.0,1.0,3.0,3.0,1.0,26.0,1.0,5245341941,-1760,-1785,265.7358518814421,265.7358518814421,0,0.6588539271736382,30,1,10,25,10,20,1,0
4195501826,7,1,1,30,15.0,9.882808907604574,0.0,0.0,0.6588539271736382,78,1,1,1,6.0,1.0,2.0,2.0,1.0,57.0,1.0,4195501826,-1785,-1771,265.7358518814421,255.85304297383752,0,0.6588539271736381,30,1,10,25,10,20,1,0
1471072142,7,2,25,10,0.0,0.0,20.0,13.177078543472764,0.6588539271736382,164,1,1,1,4.0,1.0,2.0,4.0,1.0,26.0,2.0,1471072142,-1771,-1816,255.85304297383752,269.0301215173103,0,0.6588539271736381,30,1,10,25,10,20,1,0
2710022217,7,1,1,30,0.0,0.0,0.0,0.0,0.6588539271736382,108,1,1,1,6.0,1.0,1.0,3.0,1.0,23.0,1.0,2710022217,-1816,-1817,269.0301215173103,269.0301215173103,0,0.6588539271736382,30,1,10,25,10,20,1,0
6973848471,7,2,25,10,0.0,0.0,0.0,0.0,0.6588539271736382,55,1,1,1,5.0,2.0,1.0,1.0,1.0,33.0,2.0,6973848471,-1817,-1842,269.0301215173103,269.0301215173103,0,0.6588539271736382,30,1,10,25,10,20,1,0
8674317530,7,3,20,10,20.0,13.177078543472764,0.0,0.0,0.6588539271736382,270,1,1,1,3.0,1.0,3.0,5.0,1.0,51.0,1.0,8674317530,-1842,-1842,269.0301215173103,255.85304297383755,0,0.6588539271736382,30,1,10,25,10,20,1,0
8851466302,7,2,25,10,0.0,0.0,0.0,0.0,0.6588539271736382,135,1,1,1,6.0,1.0,1.0,1.0,1.0,23.0,2.0,8851466302,-1842,-1867,255.85304297383755,255.85304297383755,0,0.6588539271736381,30,1,10,25,10,20,1,0
1889616520,7,2,25,10,0.0,0.0,0.0,0.0,0.6588539271736382,120,1,1,1,6.0,6.0,5.0,5.0,1.0,26.0,2.0,1889616520,-1867,-1892,255.85304297383755,255.85304297383755,0,0.0,30,1,10,25,10,20,1,0
4776140088,7,1,1,30,0.0,0.0,0.0,0.0,0.6588539271736382,177,1,1,1,3.0,1.0,5.0,3.0,1.0,42.0,1.0,4776140088,-1892,-1893,255.85304297383755,255.85304297383755,0,0.6588539271736382,30,1,10,25,10,20,1,0
9672366725,7,1,1,30,36.0,23.71874137825097,0.0,0.0,0.6588539271736382,202,1,1,1,4.0,1.0,3.0,3.0,1.0,32.0,1.0,9672366725,-1893,-1858,255.85304297383755,232.13430159558658,0,0.6588539271736382,30,1,10,25,10,20,1,0
5553789769,7,1,1,30,50.0,32.942696358681914,0.0,0.0,0.6588539271736382,93,1,1,1,6.0,1.0,3.0,4.0,1.0,47.0,1.0,5553789769,-1858,-1809,232.13430159558658,199.19160523690465,0,0.6588539271736382,30,1,10,25,10,20,1,0
1992447652,7,3,20,10,68.0,44.8020670478074,0.0,0.0,0.6588539271736382,129,1,1,1,6.0,6.0,4.0,3.0,1.0,27.0,1.0,1992447652,-1809,-1761,199.19160523690465,154.38953818909727,0,0.6588539271736382,30,1,10,25,10,20,1,0
6566427866,8,2,15,30,0.0,0.0,5.0,5.152237710497851,1.0304475420995702,120,1,1,1,,,1.0,,2.0,29.0,2.0,6566427866,-1761,-1781,154.38953818909727,159.5417758995951,0,0.6588539271736382,20,3,30,15,20,20,0,0
2932153315,8,1,3,20,0.0,0.0,75.0,77.28356565746776,1.0304475420995702,56,1,1,1,3.0,1.0,3.0,1.0,1.0,28.0,1.0,2932153315,-1781,-1859,159.5417758995951,236.82534155706287,0,0.7207861963279601,20,3,30,15,20,20,0,0
4760904575,8,2,15,30,0.0,0.0,30.0,30.91342626298711,1.0304475420995702,86,1,1,1,6.0,6.0,1.0,2.0,2.0,25.0,1.0,4760904575,-1859,-1904,236.82534155706287,267.73876782005,0,0.7650235314381902,20,3,30,15,20,20,0,0
9545588769,8,1,3,20,0.0,0.0,13.0,13.395818047294412,1.0304475420995702,37,1,1,1,6.0,6.0,1.0,2.0,1.0,26.0,2.0,9545588769,-1904,-1920,267.73876782005,281.1345858673444,0,0.7982015327708627,20,3,30,15,20,20,0,0
5355622769,8,3,20,20,0.0,0.0,10.0,10.304475420995702,1.0304475420995702,154,1,1,1,1.0,6.0,4.0,3.0,1.0,28.0,2.0,5355622769,-1920,-1950,281.1345858673444,291.4390612883401,0,0.8240066449184968,20,3,30,15,20,20,0,0
1984440529,8,1,3,20,0.0,0.0,0.0,0.0,1.0304475420995702,93,1,1,1,6.0,1.0,5.0,5.0,2.0,27.0,1.0,1984440529,-1950,-1953,291.4390612883401,291.4390612883401,0,0.8446507346366042,20,3,30,15,20,20,0,0
3005409999,8,3,20,20,0.0,0.0,100.0,103.04475420995702,1.0304475420995702,100,1,1,1,3.0,1.0,2.0,3.0,1.0,35.0,3.0,3005409999,-1953,-2073,291.4390612883401,394.48381549829713,0,0.8615413534968739,20,3,30,15,20,20,0,0
6074099032,8,2,15,30,0.0,0.0,20.0,20.608950841991405,1.0304475420995702,117,1,1,1,6.0,2.0,3.0,3.0,1.0,29.0,1.0,6074099032,-2073,-2108,394.48381549829713,415.09276634028856,0,0.0,20,3,30,15,20,20,0,0
9849100626,8,2,15,30,0.0,0.0,30.0,30.91342626298711,1.0304475420995702,79,1,1,1,6.0,6.0,4.0,3.0,2.0,30.0,1.0,9849100626,-2108,-2153,415.09276634028856,446.0061926032757,0,1.0304475420995702,20,3,30,15,20,20,0,0
5269841195,8,2,15,30,30.0,30.91342626298711,78.0,80.37490828376647,1.0304475420995702,80,1,1,1,6.0,5.0,1.0,5.0,1.0,29.0,1.0,5269841195,-2153,-2216,446.0061926032757,495.46767462405506,0,1.0304475420995702,20,3,30,15,20,20,0,0
7330349751,8,3,20,20,0.0,0.0,31.0,31.94387380508668,1.0304475420995702,148,1,1,1,3.0,6.0,1.0,2.0,1.0,26.0,1.0,7330349751,-2216,-2267,495.46767462405506,527.4115484291417,0,1.0304475420995702,20,3,30,15,20,20,0,0
7119931678,8,2,15,30,0.0,0.0,10.0,10.304475420995702,1.0304475420995702,127,1,1,1,4.0,6.0,2.0,2.0,1.0,28.0,2.0,7119931678,-2267,-2292,527.4115484291417,537.7160238501374,0,1.0304475420995702,20,3,30,15,20,20,0,0
8304151308,8,1,3,20,0.0,0.0,14.0,14.426265589393983,1.0304475420995702,109,1,1,1,1.0,6.0,6.0,6.0,1.0,28.0,1.0,8304151308,-2292,-2309,537.7160238501374,552.1422894395314,0,1.0304475420995702,20,3,30,15,20,20,0,0
4226521395,8,3,20,20,10.0,10.304475420995702,0.0,0.0,1.0304475420995702,120,1,1,1,1.0,6.0,5.0,6.0,1.0,28.0,2.0,4226521395,-2309,-2319,552.1422894395314,541.8378140185357,0,1.0304475420995702,20,3,30,15,20,20,0,0
4236072823,8,1,3,20,0.0,0.0,20.0,20.608950841991405,1.0304475420995702,138,1,1,1,4.0,1.0,5.0,3.0,2.0,35.0,2.0,4236072823,-2319,-2342,541.8378140185357,562.4467648605271,0,1.0304475420995702,20,3,30,15,20,20,0,0
1973059711,8,1,3,20,0.0,0.0,0.0,0.0,1.0304475420995702,73,1,1,1,2.0,2.0,3.0,3.0,1.0,53.0,1.0,1973059711,-2342,-2345,562.4467648605271,562.4467648605271,0,1.0304475420995702,20,3,30,15,20,20,0,0
2369656739,8,2,15,30,0.0,0.0,20.0,20.608950841991405,1.0304475420995702,132,1,1,1,5.0,4.0,1.0,2.0,1.0,27.0,1.0,2369656739,-2345,-2380,562.4467648605271,583.0557157025185,0,1.0304475420995702,20,3,30,15,20,20,0,0
5996078519,8,2,15,30,0.0,0.0,10.0,10.304475420995702,1.0304475420995702,93,1,1,1,6.0,6.0,2.0,1.0,2.0,26.0,2.0,5996078519,-2380,-2405,583.0557157025185,593.3601911235141,0,1.03044754209957,20,3,30,15,20,20,0,0
8454002637,8,2,15,30,0.0,0.0,10.0,10.304475420995702,1.0304475420995702,126,1,1,1,1.0,6.0,3.0,3.0,1.0,24.0,1.0,8454002637,-2405,-2430,593.3601911235141,603.6646665445098,0,1.03044754209957,20,3,30,15,20,20,0,0
6858952181,8,2,15,30,0.0,0.0,0.0,0.0,1.0304475420995702,178,1,1,1,6.0,6.0,2.0,3.0,1.0,30.0,2.0,6858952181,-2430,-2445,603.6646665445098,603.6646665445098,0,0.0,20,3,30,15,20,20,0,0
7246225310,8,2,15,30,0.0,0.0,80.0,82.43580336796562,1.0304475420995702,104,1,1,1,3.0,2.0,1.0,3.0,1.0,25.0,1.0,7246225310,-2445,-2540,603.6646665445098,686.1004699124754,0,1.0304475420995702,20,3,30,15,20,20,0,0
1798540681,8,2,15,30,0.0,0.0,20.0,20.608950841991405,1.0304475420995702,148,1,1,1,4.0,3.0,2.0,5.0,1.0,24.0,2.0,1798540681,-2540,-2575,686.1004699124754,706.7094207544668,0,1.0304475420995702,20,3,30,15,20,20,0,0
5783822563,8,2,15,30,0.0,0.0,50.0,51.52237710497851,1.0304475420995702,135,1,1,1,4.0,1.0,2.0,2.0,2.0,25.0,2.0,5783822563,-2575,-2640,706.7094207544668,758.2317978594454,0,1.0304475420995702,20,3,30,15,20,20,0,0
5245341941,8,1,3,20,0.0,0.0,0.0,0.0,1.0304475420995702,121,1,1,1,6.0,1.0,3.0,3.0,1.0,26.0,1.0,5245341941,-2640,-2643,758.2317978594454,758.2317978594454,0,1.0304475420995702,20,3,30,15,20,20,0,0
4195501826,8,1,3,20,0.0,0.0,0.0,0.0,1.0304475420995702,78,1,1,1,6.0,1.0,2.0,2.0,1.0,57.0,1.0,4195501826,-2643,-2646,758.2317978594454,758.2317978594454,0,1.0304475420995702,20,3,30,15,20,20,0,0
1471072142,8,2,15,30,0.0,0.0,0.0,0.0,1.0304475420995702,164,1,1,1,4.0,1.0,2.0,4.0,1.0,26.0,2.0,1471072142,-2646,-2661,758.2317978594454,758.2317978594454,0,1.0304475420995702,20,3,30,15,20,20,0,0
2710022217,8,1,3,20,0.0,0.0,15.0,15.456713131493554,1.0304475420995702,108,1,1,1,6.0,1.0,1.0,3.0,1.0,23.0,1.0,2710022217,-2661,-2679,758.2317978594454,773.6885109909389,0,1.0304475420995702,20,3,30,15,20,20,0,0
6973848471,8,1,3,20,0.0,0.0,30.0,30.91342626298711,1.0304475420995702,55,1,1,1,5.0,2.0,1.0,1.0,1.0,33.0,2.0,6973848471,-2679,-2712,773.6885109909389,804.6019372539259,0,1.0304475420995702,20,3,30,15,20,20,0,0
8674317530,8,1,3,20,0.0,0.0,0.0,0.0,1.0304475420995702,270,1,1,1,3.0,1.0,3.0,5.0,1.0,51.0,1.0,8674317530,-2712,-2715,804.6019372539259,804.6019372539259,0,1.0304475420995702,20,3,30,15,20,20,0,0
8851466302,8,2,15,30,0.0,0.0,0.0,0.0,1.0304475420995702,135,1,1,1,6.0,1.0,1.0,1.0,1.0,23.0,2.0,8851466302,-2715,-2730,804.6019372539259,804.6019372539259,0,1.03044754209957,20,3,30,15,20,20,0,0
1889616520,8,2,15,30,0.0,0.0,0.0,0.0,1.0304475420995702,120,1,1,1,6.0,6.0,5.0,5.0,1.0,26.0,2.0,1889616520,-2730,-2745,804.6019372539259,804.6019372539259,0,1.03044754209957,20,3,30,15,20,20,0,0
4776140088,8,1,3,20,0.0,0.0,0.0,0.0,1.0304475420995702,177,1,1,1,3.0,1.0,5.0,3.0,1.0,42.0,1.0,4776140088,-2745,-2748,804.6019372539259,804.6019372539259,0,0.0,20,3,30,15,20,20,0,0
9672366725,8,1,3,20,0.0,0.0,48.0,49.46148202077937,1.0304475420995702,202,1,1,1,4.0,1.0,3.0,3.0,1.0,32.0,1.0,9672366725,-2748,-2799,804.6019372539259,854.0634192747053,0,1.0304475420995702,20,3,30,15,20,20,0,0
5553789769,8,2,15,30,0.0,0.0,50.0,51.52237710497851,1.0304475420995702,93,1,1,1,6.0,1.0,3.0,4.0,1.0,47.0,1.0,5553789769,-2799,-2864,854.0634192747053,905.5857963796839,0,1.0304475420995702,20,3,30,15,20,20,0,0
1992447652,8,2,15,30,0.0,0.0,0.0,0.0,1.0304475420995702,129,1,1,1,6.0,6.0,4.0,3.0,1.0,27.0,1.0,1992447652,-2864,-2879,905.5857963796839,905.5857963796839,0,1.0304475420995702,20,3,30,15,20,20,0,0
6566427866,9,2,5,10,0.0,0.0,0.0,0.0,0.6341773162209418,120,1,1,1,,,1.0,,2.0,29.0,2.0,6566427866,-2879,-2884,905.5857963796839,905.5857963796839,0,1.0304475420995702,30,5,10,5,10,80,0,1
2932153315,9,2,5,10,20.0,12.683546324418836,0.0,0.0,0.6341773162209418,56,1,1,1,3.0,1.0,3.0,1.0,1.0,28.0,1.0,2932153315,-2884,-2869,905.5857963796839,892.9022500552651,0,0.9511934969238446,30,5,10,5,10,80,0,1
4760904575,9,2,5,10,50.0,31.708865811047087,0.0,0.0,0.6341773162209418,86,1,1,1,6.0,6.0,1.0,2.0,2.0,25.0,1.0,4760904575,-2869,-2824,892.9022500552651,861.193384244218,0,0.8983574668066941,30,5,10,5,10,80,0,1
9545588769,9,2,5,10,0.0,0.0,0.0,0.0,0.6341773162209418,37,1,1,1,6.0,6.0,1.0,2.0,1.0,26.0,2.0,9545588769,-2824,-2829,861.193384244218,861.193384244218,0,0.8606174452944438,30,5,10,5,10,80,0,1
5355622769,9,2,5,10,10.0,6.341773162209417,0.0,0.0,0.6341773162209418,154,1,1,1,1.0,6.0,4.0,3.0,1.0,28.0,2.0,5355622769,-2829,-2824,861.193384244218,854.8516110820086,0,0.8323124291602559,30,5,10,5,10,80,0,1
1984440529,9,2,5,10,0.0,0.0,0.0,0.0,0.6341773162209418,93,1,1,1,6.0,1.0,5.0,5.0,2.0,27.0,1.0,1984440529,-2824,-2829,854.8516110820086,854.8516110820086,0,0.8102974166114433,30,5,10,5,10,80,0,1
3005409999,9,2,5,10,50.0,31.708865811047087,0.0,0.0,0.6341773162209418,100,1,1,1,3.0,1.0,2.0,3.0,1.0,35.0,3.0,3005409999,-2829,-2784,854.8516110820086,823.1427452709615,0,0.7926854065723932,30,5,10,5,10,80,0,1
6074099032,9,2,5,10,10.0,6.341773162209417,0.0,0.0,0.6341773162209418,117,1,1,1,6.0,2.0,3.0,3.0,1.0,29.0,1.0,6074099032,-2784,-2779,823.1427452709615,816.8009721087521,0,0.7782755801768068,30,5,10,5,10,80,0,1
9849100626,9,2,5,10,30.0,19.02531948662825,0.0,0.0,0.6341773162209418,79,1,1,1,6.0,6.0,4.0,3.0,2.0,30.0,1.0,9849100626,-2779,-2754,816.8009721087521,797.7756526221239,0,0.0,30,5,10,5,10,80,0,1
5269841195,9,1,5,30,100.0,63.41773162209417,0.0,0.0,0.6341773162209418,80,1,1,1,6.0,5.0,1.0,5.0,1.0,29.0,1.0,5269841195,-2754,-2659,797.7756526221239,734.3579210000297,0,0.6341773162209418,30,5,10,5,10,80,0,1
7330349751,9,2,5,10,60.0,38.0506389732565,0.0,0.0,0.6341773162209418,148,1,1,1,3.0,6.0,1.0,2.0,1.0,26.0,1.0,7330349751,-2659,-2604,734.3579210000297,696.3072820267732,0,0.6341773162209418,30,5,10,5,10,80,0,1
7119931678,9,1,5,30,10.0,6.341773162209417,0.0,0.0,0.6341773162209418,127,1,1,1,4.0,6.0,2.0,2.0,1.0,28.0,2.0,7119931678,-2604,-2599,696.3072820267732,689.9655088645638,0,0.6341773162209418,30,5,10,5,10,80,0,1
8304151308,9,2,5,10,15.0,9.512659743314126,0.0,0.0,0.6341773162209418,109,1,1,1,1.0,6.0,6.0,6.0,1.0,28.0,1.0,8304151308,-2599,-2589,689.9655088645638,680.4528491212498,0,0.6341773162209418,30,5,10,5,10,80,0,1
4226521395,9,2,5,10,0.0,0.0,0.0,0.0,0.6341773162209418,120,1,1,1,1.0,6.0,5.0,6.0,1.0,28.0,2.0,4226521395,-2589,-2594,680.4528491212498,680.4528491212498,0,0.6341773162209418,30,5,10,5,10,80,0,1
4236072823,9,1,5,30,0.0,0.0,0.0,0.0,0.6341773162209418,138,1,1,1,4.0,1.0,5.0,3.0,2.0,35.0,2.0,4236072823,-2594,-2599,680.4528491212498,680.4528491212498,0,0.6341773162209418,30,5,10,5,10,80,0,1
1973059711,9,1,5,30,0.0,0.0,0.0,0.0,0.6341773162209418,73,1,1,1,2.0,2.0,3.0,3.0,1.0,53.0,1.0,1973059711,-2599,-2604,680.4528491212498,680.4528491212498,0,0.6341773162209418,30,5,10,5,10,80,0,1
2369656739,9,2,5,10,60.0,38.0506389732565,0.0,0.0,0.6341773162209418,132,1,1,1,5.0,4.0,1.0,2.0,1.0,27.0,1.0,2369656739,-2604,-2549,680.4528491212498,642.4022101479933,0,0.6341773162209418,30,5,10,5,10,80,0,1
5996078519,9,2,5,10,0.0,0.0,0.0,0.0,0.6341773162209418,93,1,1,1,6.0,6.0,2.0,1.0,2.0,26.0,2.0,5996078519,-2549,-2554,642.4022101479933,642.4022101479933,0,0.6341773162209418,30,5,10,5,10,80,0,1
8454002637,9,2,5,10,16.0,10.146837059535068,0.0,0.0,0.6341773162209418,126,1,1,1,1.0,6.0,3.0,3.0,1.0,24.0,1.0,8454002637,-2554,-2543,642.4022101479933,632.2553730884582,0,0.6341773162209419,30,5,10,5,10,80,0,1
6858952181,9,2,5,10,0.0,0.0,0.0,0.0,0.6341773162209418,178,1,1,1,6.0,6.0,2.0,3.0,1.0,30.0,2.0,6858952181,-2543,-2548,632.2553730884582,632.2553730884582,0,0.6341773162209419,30,5,10,5,10,80,0,1
7246225310,9,2,5,10,30.0,19.02531948662825,0.0,0.0,0.6341773162209418,104,1,1,1,3.0,2.0,1.0,3.0,1.0,25.0,1.0,7246225310,-2548,-2523,632.2553730884582,613.2300536018299,0,0.0,30,5,10,5,10,80,0,1
1798540681,9,2,5,10,20.0,12.683546324418836,0.0,0.0,0.6341773162209418,148,1,1,1,4.0,3.0,2.0,5.0,1.0,24.0,2.0,1798540681,-2523,-2508,613.2300536018299,600.5465072774111,0,0.6341773162209418,30,5,10,5,10,80,0,1
5783822563,9,2,5,10,0.0,0.0,0.0,0.0,0.6341773162209418,135,1,1,1,4.0,1.0,2.0,2.0,2.0,25.0,2.0,5783822563,-2508,-2513,600.5465072774111,600.5465072774111,0,0.6341773162209418,30,5,10,5,10,80,0,1
5245341941,9,2,5,10,5.0,3.1708865811047087,0.0,0.0,0.6341773162209418,121,1,1,1,6.0,1.0,3.0,3.0,1.0,26.0,1.0,5245341941,-2513,-2513,600.5465072774111,597.3756206963064,0,0.6341773162209418,30,5,10,5,10,80,0,1
4195501826,9,1,5,30,0.0,0.0,0.0,0.0,0.6341773162209418,78,1,1,1,6.0,1.0,2.0,2.0,1.0,57.0,1.0,4195501826,-2513,-2518,597.3756206963064,597.3756206963064,0,0.6341773162209418,30,5,10,5,10,80,0,1
1471072142,9,2,5,10,0.0,0.0,0.0,0.0,0.6341773162209418,164,1,1,1,4.0,1.0,2.0,4.0,1.0,26.0,2.0,1471072142,-2518,-2523,597.3756206963064,597.3756206963064,0,0.6341773162209418,30,5,10,5,10,80,0,1
2710022217,9,2,5,10,0.0,0.0,0.0,0.0,0.6341773162209418,108,1,1,1,6.0,1.0,1.0,3.0,1.0,23.0,1.0,2710022217,-2523,-2528,597.3756206963064,597.3756206963064,0,0.6341773162209418,30,5,10,5,10,80,0,1
6973848471,9,1,5,30,0.0,0.0,0.0,0.0,0.6341773162209418,55,1,1,1,5.0,2.0,1.0,1.0,1.0,33.0,2.0,6973848471,-2528,-2533,597.3756206963064,597.3756206963064,0,0.6341773162209418,30,5,10,5,10,80,0,1
8674317530,9,2,5,10,40.0,25.36709264883767,0.0,0.0,0.6341773162209418,270,1,1,1,3.0,1.0,3.0,5.0,1.0,51.0,1.0,8674317530,-2533,-2498,597.3756206963064,572.0085280474688,0,0.6341773162209418,30,5,10,5,10,80,0,1
8851466302,9,1,5,30,10.0,6.341773162209417,0.0,0.0,0.6341773162209418,135,1,1,1,6.0,1.0,1.0,1.0,1.0,23.0,2.0,8851466302,-2498,-2493,572.0085280474688,565.6667548852594,0,0.6341773162209418,30,5,10,5,10,80,0,1
1889616520,9,1,5,30,0.0,0.0,2.0,1.2683546324418835,0.6341773162209418,120,1,1,1,6.0,6.0,5.0,5.0,1.0,26.0,2.0,1889616520,-2493,-2500,565.6667548852594,566.9351095177012,0,0.6341773162209419,30,5,10,5,10,80,0,1
4776140088,9,1,5,30,0.0,0.0,0.0,0.0,0.6341773162209418,177,1,1,1,3.0,1.0,5.0,3.0,1.0,42.0,1.0,4776140088,-2500,-2505,566.9351095177012,566.9351095177012,0,0.6341773162209419,30,5,10,5,10,80,0,1
9672366725,9,1,5,30,48.0,30.44051117860521,0.0,0.0,0.6341773162209418,202,1,1,1,4.0,1.0,3.0,3.0,1.0,32.0,1.0,9672366725,-2505,-2462,566.9351095177012,536.494598339096,0,0.0,30,5,10,5,10,80,0,1
5553789769,9,1,5,30,80.0,50.73418529767534,0.0,0.0,0.6341773162209418,93,1,1,1,6.0,1.0,3.0,4.0,1.0,47.0,1.0,5553789769,-2462,-2387,536.494598339096,485.76041304142063,0,0.6341773162209418,30,5,10,5,10,80,0,1
1992447652,9,2,5,10,0.0,0.0,0.0,0.0,0.6341773162209418,129,1,1,1,6.0,6.0,4.0,3.0,1.0,27.0,1.0,1992447652,-2387,-2392,485.76041304142063,485.76041304142063,0,0.6341773162209418,30,5,10,5,10,80,0,1
6566427866,10,1,1,20,0.0,0.0,0.0,0.0,0.994027644796596,120,1,1,1,,,1.0,,2.0,29.0,2.0,6566427866,-2392,-2393,485.76041304142063,485.76041304142063,0,0.6341773162209418,20,1,20,25,20,80,1,1
2932153315,10,1,1,20,0.0,0.0,50.0,49.701382239829805,0.994027644796596,56,1,1,1,3.0,1.0,3.0,1.0,1.0,28.0,1.0,2932153315,-2393,-2444,485.76041304142063,535.4617952812505,0,0.7241398983648554,20,1,20,25,20,80,1,1
4760904575,10,2,25,20,0.0,0.0,20.0,19.88055289593192,0.994027644796596,86,1,1,1,6.0,6.0,1.0,2.0,2.0,25.0,1.0,4760904575,-2444,-2489,535.4617952812505,555.3423481771824,0,0.7781174476512035,20,1,20,25,20,80,1,1
9545588769,10,1,1,20,0.0,0.0,10.0,9.94027644796596,0.994027644796596,37,1,1,1,6.0,6.0,1.0,2.0,1.0,26.0,2.0,9545588769,-2489,-2500,555.3423481771824,565.2826246251484,0,0.8141024805087689,20,1,20,25,20,80,1,1
5355622769,10,2,25,20,0.0,0.0,3.0,2.9820829343897883,0.994027644796596,154,1,1,1,1.0,6.0,4.0,3.0,1.0,28.0,2.0,5355622769,-2500,-2528,565.2826246251484,568.2647075595382,0,0.8398060754070299,20,1,20,25,20,80,1,1
1984440529,10,2,25,20,0.0,0.0,0.0,0.0,0.994027644796596,93,1,1,1,6.0,1.0,5.0,5.0,2.0,27.0,1.0,1984440529,-2528,-2553,568.2647075595382,568.2647075595382,0,0.8590837715807256,20,1,20,25,20,80,1,1
3005409999,10,1,1,20,0.0,0.0,50.0,49.701382239829805,0.994027644796596,100,1,1,1,3.0,1.0,2.0,3.0,1.0,35.0,3.0,3005409999,-2553,-2604,568.2647075595382,617.9660897993681,0,0.8740775352713778,20,1,20,25,20,80,1,1
6074099032,10,1,1,20,0.0,0.0,20.0,19.88055289593192,0.994027644796596,117,1,1,1,6.0,2.0,3.0,3.0,1.0,29.0,1.0,6074099032,-2604,-2625,617.9660897993681,637.8466426953,0,0.8860725462238996,20,1,20,25,20,80,1,1
9849100626,10,1,1,20,0.0,0.0,15.0,14.910414671948942,0.994027644796596,79,1,1,1,6.0,6.0,4.0,3.0,2.0,30.0,1.0,9849100626,-2625,-2641,637.8466426953,652.757057367249,0,0.8958866460941447,20,1,20,25,20,80,1,1
5269841195,10,1,1,20,0.0,0.0,100.0,99.4027644796596,0.994027644796596,80,1,1,1,6.0,5.0,1.0,5.0,1.0,29.0,1.0,5269841195,-2641,-2742,652.757057367249,752.1598218469086,0,0.0,20,1,20,25,20,80,1,1
7330349751,10,1,1,20,0.0,0.0,35.0,34.79096756788086,0.994027644796596,148,1,1,1,3.0,6.0,1.0,2.0,1.0,26.0,1.0,7330349751,-2742,-2778,752.1598218469086,786.9507894147895,0,0.994027644796596,20,1,20,25,20,80,1,1
7119931678,10,1,1,20,0.0,0.0,10.0,9.94027644796596,0.994027644796596,127,1,1,1,4.0,6.0,2.0,2.0,1.0,28.0,2.0,7119931678,-2778,-2789,786.9507894147895,796.8910658627555,0,0.994027644796596,20,1,20,25,20,80,1,1
8304151308,10,1,1,20,0.0,0.0,1.0,0.994027644796596,0.994027644796596,109,1,1,1,1.0,6.0,6.0,6.0,1.0,28.0,1.0,8304151308,-2789,-2791,796.8910658627555,797.885093507552,0,0.994027644796596,20,1,20,25,20,80,1,1
4226521395,10,1,1,20,0.0,0.0,0.0,0.0,0.994027644796596,120,1,1,1,1.0,6.0,5.0,6.0,1.0,28.0,2.0,4226521395,-2791,-2792,797.885093507552,797.885093507552,0,0.994027644796596,20,1,20,25,20,80,1,1
4236072823,10,1,1,20,0.0,0.0,10.0,9.94027644796596,0.994027644796596,138,1,1,1,4.0,1.0,5.0,3.0,2.0,35.0,2.0,4236072823,-2792,-2803,797.885093507552,807.825369955518,0,0.994027644796596,20,1,20,25,20,80,1,1
1973059711,10,1,1,20,0.0,0.0,0.0,0.0,0.994027644796596,73,1,1,1,2.0,2.0,3.0,3.0,1.0,53.0,1.0,1973059711,-2803,-2804,807.825369955518,807.825369955518,0,0.994027644796596,20,1,20,25,20,80,1,1
2369656739,10,1,1,20,0.0,0.0,90.0,89.46248803169365,0.994027644796596,132,1,1,1,5.0,4.0,1.0,2.0,1.0,27.0,1.0,2369656739,-2804,-2895,807.825369955518,897.2878579872116,0,0.9940276447965959,20,1,20,25,20,80,1,1
5996078519,10,1,1,20,0.0,0.0,0.0,0.0,0.994027644796596,93,1,1,1,6.0,6.0,2.0,1.0,2.0,26.0,2.0,5996078519,-2895,-2896,897.2878579872116,897.2878579872116,0,0.994027644796596,20,1,20,25,20,80,1,1
8454002637,10,1,1,20,0.0,0.0,0.0,0.0,0.994027644796596,126,1,1,1,1.0,6.0,3.0,3.0,1.0,24.0,1.0,8454002637,-2896,-2897,897.2878579872116,897.2878579872116,0,0.9940276447965961,20,1,20,25,20,80,1,1
6858952181,10,1,1,20,0.0,0.0,0.0,0.0,0.994027644796596,178,1,1,1,6.0,6.0,2.0,3.0,1.0,30.0,2.0,6858952181,-2897,-2898,897.2878579872116,897.2878579872116,0,0.994027644796596,20,1,20,25,20,80,1,1
7246225310,10,1,1,20,0.0,0.0,0.0,0.0,0.994027644796596,104,1,1,1,3.0,2.0,1.0,3.0,1.0,25.0,1.0,7246225310,-2898,-2899,897.2878579872116,897.2878579872116,0,0.994027644796596,20,1,20,25,20,80,1,1
1798540681,10,1,1,20,0.0,0.0,0.0,0.0,0.994027644796596,148,1,1,1,4.0,3.0,2.0,5.0,1.0,24.0,2.0,1798540681,-2899,-2900,897.2878579872116,897.2878579872116,0,0.0,20,1,20,25,20,80,1,1
5783822563,10,1,1,20,0.0,0.0,20.0,19.88055289593192,0.994027644796596,135,1,1,1,4.0,1.0,2.0,2.0,2.0,25.0,2.0,5783822563,-2900,-2921,897.2878579872116,917.1684108831436,0,0.994027644796596,20,1,20,25,20,80,1,1
5245341941,10,1,1,20,0.0,0.0,0.0,0.0,0.994027644796596,121,1,1,1,6.0,1.0,3.0,3.0,1.0,26.0,1.0,5245341941,-2921,-2922,917.1684108831436,917.1684108831436,0,0.994027644796596,20,1,20,25,20,80,1,1
4195501826,10,1,1,20,0.0,0.0,5.0,4.97013822398298,0.994027644796596,78,1,1,1,6.0,1.0,2.0,2.0,1.0,57.0,1.0,4195501826,-2922,-2928,917.1684108831436,922.1385491071266,0,0.994027644796596,20,1,20,25,20,80,1,1
1471072142,10,1,1,20,0.0,0.0,8.0,7.952221158372769,0.994027644796596,164,1,1,1,4.0,1.0,2.0,4.0,1.0,26.0,2.0,1471072142,-2928,-2937,922.1385491071266,930.0907702654994,0,0.994027644796596,20,1,20,25,20,80,1,1
2710022217,10,1,1,20,0.0,0.0,0.0,0.0,0.994027644796596,108,1,1,1,6.0,1.0,1.0,3.0,1.0,23.0,1.0,2710022217,-2937,-2938,930.0907702654994,930.0907702654994,0,0.994027644796596,20,1,20,25,20,80,1,1
6973848471,10,1,1,20,0.0,0.0,0.0,0.0,0.994027644796596,55,1,1,1,5.0,2.0,1.0,1.0,1.0,33.0,2.0,6973848471,-2938,-2939,930.0907702654994,930.0907702654994,0,0.994027644796596,20,1,20,25,20,80,1,1
8674317530,10,1,1,20,0.0,0.0,0.0,0.0,0.994027644796596,270,1,1,1,3.0,1.0,3.0,5.0,1.0,51.0,1.0,8674317530,-2939,-2940,930.0907702654994,930.0907702654994,0,0.9940276447965959,20,1,20,25,20,80,1,1
8851466302,10,1,1,20,0.0,0.0,0.0,0.0,0.994027644796596,135,1,1,1,6.0,1.0,1.0,1.0,1.0,23.0,2.0,8851466302,-2940,-2941,930.0907702654994,930.0907702654994,0,0.994027644796596,20,1,20,25,20,80,1,1
1889616520,10,1,1,20,0.0,0.0,0.0,0.0,0.994027644796596,120,1,1,1,6.0,6.0,5.0,5.0,1.0,26.0,2.0,1889616520,-2941,-2942,930.0907702654994,930.0907702654994,0,0.9940276447965961,20,1,20,25,20,80,1,1
4776140088,10,1,1,20,0.0,0.0,20.0,19.88055289593192,0.994027644796596,177,1,1,1,3.0,1.0,5.0,3.0,1.0,42.0,1.0,4776140088,-2942,-2963,930.0907702654994,949.9713231614313,0,0.994027644796596,20,1,20,25,20,80,1,1
9672366725,10,1,1,20,0.0,0.0,66.0,65.60582455657534,0.994027644796596,202,1,1,1,4.0,1.0,3.0,3.0,1.0,32.0,1.0,9672366725,-2963,-3030,949.9713231614313,1015.5771477180067,0,0.994027644796596,20,1,20,25,20,80,1,1
5553789769,10,1,1,20,0.0,0.0,80.0,79.52221158372768,0.994027644796596,93,1,1,1,6.0,1.0,3.0,4.0,1.0,47.0,1.0,5553789769,-3030,-3111,1015.5771477180067,1095.0993593017345,0,0.0,20,1,20,25,20,80,1,1
1992447652,10,1,1,20,0.0,0.0,80.0,79.52221158372768,0.994027644796596,129,1,1,1,6.0,6.0,4.0,3.0,1.0,27.0,1.0,1992447652,-3111,-3192,1095.0993593017345,1174.6215708854622,0,0.994027644796596,20,1,20,25,20,80,1,1
6566427866,11,2,15,30,0.0,0.0,0.0,0.0,0.6236057997469234,120,1,1,1,,,1.0,,2.0,29.0,2.0,6566427866,-3192,-3207,1174.6215708854622,1174.6215708854622,0,0.994027644796596,20,3,30,15,20,20,1,0
2932153315,11,1,3,20,0.0,0.0,0.0,0.0,0.6236057997469234,56,1,1,1,3.0,1.0,3.0,1.0,1.0,28.0,1.0,2932153315,-3207,-3210,1174.6215708854622,1174.6215708854622,0,0.8705536964467052,20,3,30,15,20,20,1,0
4760904575,11,2,15,30,25.0,15.590144993673086,0.0,0.0,0.6236057997469234,86,1,1,1,6.0,6.0,1.0,2.0,2.0,25.0,1.0,4760904575,-3210,-3200,1174.6215708854622,1159.0314258917892,0,0.8088167222717597,20,3,30,15,20,20,1,0
9545588769,11,1,3,20,0.0,0.0,0.0,0.0,0.6236057997469234,37,1,1,1,6.0,6.0,1.0,2.0,1.0,26.0,2.0,9545588769,-3200,-3203,1159.0314258917892,1159.0314258917892,0,0.7717745377667924,20,3,30,15,20,20,1,0
5355622769,11,2,15,30,5.0,3.118028998734617,0.0,0.0,0.6236057997469234,154,1,1,1,1.0,6.0,4.0,3.0,1.0,28.0,2.0,5355622769,-3203,-3213,1159.0314258917892,1155.9133968930546,0,0.7470797480968142,20,3,30,15,20,20,1,0
1984440529,11,3,20,20,0.0,0.0,0.0,0.0,0.6236057997469234,93,1,1,1,6.0,1.0,5.0,5.0,2.0,27.0,1.0,1984440529,-3213,-3233,1155.9133968930546,1155.9133968930546,0,0.7294406126182584,20,3,30,15,20,20,1,0
3005409999,11,3,20,20,50.0,31.18028998734617,0.0,0.0,0.6236057997469234,100,1,1,1,3.0,1.0,2.0,3.0,1.0,35.0,3.0,3005409999,-3233,-3203,1155.9133968930546,1124.7331069057084,0,0.7162112610093416,20,3,30,15,20,20,1,0
6074099032,11,3,20,20,0.0,0.0,0.0,0.0,0.6236057997469234,117,1,1,1,6.0,2.0,3.0,3.0,1.0,29.0,1.0,6074099032,-3203,-3223,1124.7331069057084,1124.7331069057084,0,0.7059217653135174,20,3,30,15,20,20,1,0
9849100626,11,2,15,30,20.0,12.472115994938468,0.0,0.0,0.6236057997469234,79,1,1,1,6.0,6.0,4.0,3.0,2.0,30.0,1.0,9849100626,-3223,-3218,1124.7331069057084,1112.2609909107698,0,0.697690168756858,20,3,30,15,20,20,1,0
5269841195,11,2,15,30,100.0,62.36057997469234,0.0,0.0,0.6236057997469234,80,1,1,1,6.0,5.0,1.0,5.0,1.0,29.0,1.0,5269841195,-3218,-3133,1112.2609909107698,1049.9004109360774,0,0.6909552261195911,20,3,30,15,20,20,1,0
7330349751,11,2,15,30,0.0,0.0,0.0,0.0,0.6236057997469234,148,1,1,1,3.0,6.0,1.0,2.0,1.0,26.0,1.0,7330349751,-3133,-3148,1049.9004109360774,1049.9004109360774,0,0.0,20,3,30,15,20,20,1,0
7119931678,11,2,15,30,0.0,0.0,0.0,0.0,0.6236057997469234,127,1,1,1,4.0,6.0,2.0,2.0,1.0,28.0,2.0,7119931678,-3148,-3163,1049.9004109360774,1049.9004109360774,0,0.6236057997469234,20,3,30,15,20,20,1,0
8304151308,11,2,15,30,12.0,7.483269596963082,0.0,0.0,0.6236057997469234,109,1,1,1,1.0,6.0,6.0,6.0,1.0,28.0,1.0,8304151308,-3163,-3166,1049.9004109360774,1042.4171413391143,0,0.6236057997469234,20,3,30,15,20,20,1,0
4226521395,11,1,3,20,0.0,0.0,0.0,0.0,0.6236057997469234,120,1,1,1,1.0,6.0,5.0,6.0,1.0,28.0,2.0,4226521395,-3166,-3169,1042.4171413391143,1042.4171413391143,0,0.6236057997469234,20,3,30,15,20,20,1,0
4236072823,11,3,20,20,0.0,0.0,0.0,0.0,0.6236057997469234,138,1,1,1,4.0,1.0,5.0,3.0,2.0,35.0,2.0,4236072823,-3169,-3189,1042.4171413391143,1042.4171413391143,0,0.6236057997469234,20,3,30,15,20,20,1,0
1973059711,11,3,20,20,0.0,0.0,0.0,0.0,0.6236057997469234,73,1,1,1,2.0,2.0,3.0,3.0,1.0,53.0,1.0,1973059711,-3189,-3209,1042.4171413391143,1042.4171413391143,0,0.6236057997469234,20,3,30,15,20,20,1,0
2369656739,11,2,15,30,50.0,31.18028998734617,0.0,0.0,0.6236057997469234,132,1,1,1,5.0,4.0,1.0,2.0,1.0,27.0,1.0,2369656739,-3209,-3174,1042.4171413391143,1011.2368513517681,0,0.6236057997469234,20,3,30,15,20,20,1,0
5996078519,11,2,15,30,0.0,0.0,0.0,0.0,0.6236057997469234,93,1,1,1,6.0,6.0,2.0,1.0,2.0,26.0,2.0,5996078519,-3174,-3189,1011.2368513517681,1011.2368513517681,0,0.6236057997469234,20,3,30,15,20,20,1,0
8454002637,11,2,15,30,0.0,0.0,0.0,0.0,0.6236057997469234,126,1,1,1,1.0,6.0,3.0,3.0,1.0,24.0,1.0,8454002637,-3189,-3204,1011.2368513517681,1011.2368513517681,0,0.6236057997469234,20,3,30,15,20,20,1,0
6858952181,11,2,15,30,0.0,0.0,0.0,0.0,0.6236057997469234,178,1,1,1,6.0,6.0,2.0,3.0,1.0,30.0,2.0,6858952181,-3204,-3219,1011.2368513517681,1011.2368513517681,0,0.6236057997469234,20,3,30,15,20,20,1,0
7246225310,11,2,15,30,0.0,0.0,0.0,0.0,0.6236057997469234,104,1,1,1,3.0,2.0,1.0,3.0,1.0,25.0,1.0,7246225310,-3219,-3234,1011.2368513517681,1011.2368513517681,0,0.6236057997469234,20,3,30,15,20,20,1,0
1798540681,11,2,15,30,0.0,0.0,0.0,0.0,0.6236057997469234,148,1,1,1,4.0,3.0,2.0,5.0,1.0,24.0,2.0,1798540681,-3234,-3249,1011.2368513517681,1011.2368513517681,0,0.6236057997469234,20,3,30,15,20,20,1,0
5783822563,11,2,15,30,0.0,0.0,0.0,0.0,0.6236057997469234,135,1,1,1,4.0,1.0,2.0,2.0,2.0,25.0,2.0,5783822563,-3249,-3264,1011.2368513517681,1011.2368513517681,0,0.0,20,3,30,15,20,20,1,0
5245341941,11,1,3,20,0.0,0.0,0.0,0.0,0.6236057997469234,121,1,1,1,6.0,1.0,3.0,3.0,1.0,26.0,1.0,5245341941,-3264,-3267,1011.2368513517681,1011.2368513517681,0,0.6236057997469234,20,3,30,15,20,20,1,0
4195501826,11,1,3,20,8.0,4.988846397975387,0.0,0.0,0.6236057997469234,78,1,1,1,6.0,1.0,2.0,2.0,1.0,57.0,1.0,4195501826,-3267,-3262,1011.2368513517681,1006.2480049537927,0,0.6236057997469234,20,3,30,15,20,20,1,0
1471072142,11,2,15,30,0.0,0.0,0.0,0.0,0.6236057997469234,164,1,1,1,4.0,1.0,2.0,4.0,1.0,26.0,2.0,1471072142,-3262,-3277,1006.2480049537927,1006.2480049537927,0,0.6236057997469234,20,3,30,15,20,20,1,0
2710022217,11,1,3,20,0.0,0.0,0.0,0.0,0.6236057997469234,108,1,1,1,6.0,1.0,1.0,3.0,1.0,23.0,1.0,2710022217,-3277,-3280,1006.2480049537927,1006.2480049537927,0,0.6236057997469234,20,3,30,15,20,20,1,0
6973848471,11,2,15,30,20.0,12.472115994938468,0.0,0.0,0.6236057997469234,55,1,1,1,5.0,2.0,1.0,1.0,1.0,33.0,2.0,6973848471,-3280,-3275,1006.2480049537927,993.7758889588542,0,0.6236057997469234,20,3,30,15,20,20,1,0
8674317530,11,3,20,20,0.0,0.0,0.0,0.0,0.6236057997469234,270,1,1,1,3.0,1.0,3.0,5.0,1.0,51.0,1.0,8674317530,-3275,-3295,993.7758889588542,993.7758889588542,0,0.6236057997469234,20,3,30,15,20,20,1,0
8851466302,11,2,15,30,10.0,6.236057997469234,0.0,0.0,0.6236057997469234,135,1,1,1,6.0,1.0,1.0,1.0,1.0,23.0,2.0,8851466302,-3295,-3300,993.7758889588542,987.539830961385,0,0.6236057997469234,20,3,30,15,20,20,1,0
1889616520,11,2,15,30,0.0,0.0,0.0,0.0,0.6236057997469234,120,1,1,1,6.0,6.0,5.0,5.0,1.0,26.0,2.0,1889616520,-3300,-3315,987.539830961385,987.539830961385,0,0.6236057997469234,20,3,30,15,20,20,1,0
4776140088,11,1,3,20,100.0,62.36057997469234,0.0,0.0,0.6236057997469234,177,1,1,1,3.0,1.0,5.0,3.0,1.0,42.0,1.0,4776140088,-3315,-3218,987.539830961385,925.1792509866926,0,0.6236057997469234,20,3,30,15,20,20,1,0
9672366725,11,1,3,20,70.0,43.65240598228464,0.0,0.0,0.6236057997469234,202,1,1,1,4.0,1.0,3.0,3.0,1.0,32.0,1.0,9672366725,-3218,-3151,925.1792509866926,881.526845004408,0,0.6236057997469234,20,3,30,15,20,20,1,0
5553789769,11,1,3,20,100.0,62.36057997469234,0.0,0.0,0.6236057997469234,93,1,1,1,6.0,1.0,3.0,4.0,1.0,47.0,1.0,5553789769,-3151,-3054,881.526845004408,819.1662650297156,0,0.6236057997469234,20,3,30,15,20,20,1,0
1992447652,11,3,20,20,100.0,62.36057997469234,0.0,0.0,0.6236057997469234,129,1,1,1,6.0,6.0,4.0,3.0,1.0,27.0,1.0,1992447652,-3054,-2974,819.1662650297156,756.8056850550233,0,0.0,20,3,30,15,20,20,1,0
6566427866,12,2,5,20,0.0,0.0,0.0,0.0,0.9817337018872996,120,1,1,1,,,1.0,,2.0,29.0,2.0,6566427866,-2974,-2979,756.8056850550233,756.8056850550233,0,0.6236057997469234,10,5,20,5,30,50,0,0
2932153315,12,1,5,10,0.0,0.0,36.0,35.34241326794278,0.9817337018872996,56,1,1,1,3.0,1.0,3.0,1.0,1.0,28.0,1.0,2932153315,-2979,-3020,756.8056850550233,792.1480983229661,0,0.8026697508171114,10,5,20,5,30,50,0,0
4760904575,12,2,5,20,0.0,0.0,20.0,19.634674037745988,0.9817337018872996,86,1,1,1,6.0,6.0,1.0,2.0,2.0,25.0,1.0,4760904575,-3020,-3045,792.1480983229661,811.7827723607121,0,0.8623577345071741,10,5,20,5,30,50,0,0
9545588769,12,2,5,20,4.0,3.926934807549198,5.0,4.908668509436497,0.9817337018872996,37,1,1,1,6.0,6.0,1.0,2.0,1.0,26.0,2.0,9545588769,-3045,-3051,811.7827723607121,812.7645060625995,0,0.8922017263522055,10,5,20,5,30,50,0,0
5355622769,12,2,5,20,5.0,4.908668509436497,5.0,4.908668509436497,0.9817337018872996,154,1,1,1,1.0,6.0,4.0,3.0,1.0,28.0,2.0,5355622769,-3051,-3056,812.7645060625995,812.7645060625995,0,0.9101081214592244,10,5,20,5,30,50,0,0
1984440529,12,1,5,10,0.0,0.0,0.0,0.0,0.9817337018872996,93,1,1,1,6.0,1.0,5.0,5.0,2.0,27.0,1.0,1984440529,-3056,-3061,812.7645060625995,812.7645060625995,0,0.9220457181972369,10,5,20,5,30,50,0,0
3005409999,12,2,5,20,0.0,0.0,92.0,90.31950057363156,0.9817337018872996,100,1,1,1,3.0,1.0,2.0,3.0,1.0,35.0,3.0,3005409999,-3061,-3158,812.7645060625995,903.084006636231,0,0.930572573010103,10,5,20,5,30,50,0,0
6074099032,12,2,5,20,3.0,2.9452011056618983,0.0,0.0,0.9817337018872996,117,1,1,1,6.0,2.0,3.0,3.0,1.0,29.0,1.0,6074099032,-3158,-3160,903.084006636231,900.1388055305691,0,0.9369677141197525,10,5,20,5,30,50,0,0
9849100626,12,2,5,20,0.0,0.0,59.0,57.922288411350664,0.9817337018872996,79,1,1,1,6.0,6.0,4.0,3.0,2.0,30.0,1.0,9849100626,-3160,-3224,900.1388055305691,958.0610939419198,0,0.941941712760591,10,5,20,5,30,50,0,0
5269841195,12,2,5,20,0.0,0.0,89.0,87.37429946796965,0.9817337018872996,80,1,1,1,6.0,5.0,1.0,5.0,1.0,29.0,1.0,5269841195,-3224,-3318,958.0610939419198,1045.4353934098895,0,0.945920911673262,10,5,20,5,30,50,0,0
7330349751,12,2,5,20,0.0,0.0,41.0,40.25108177737928,0.9817337018872996,148,1,1,1,3.0,6.0,1.0,2.0,1.0,26.0,1.0,7330349751,-3318,-3364,1045.4353934098895,1085.6864751872688,0,0.9491766198745382,10,5,20,5,30,50,0,0
7119931678,12,2,5,20,0.0,0.0,57.0,55.95882100757607,0.9817337018872996,127,1,1,1,4.0,6.0,2.0,2.0,1.0,28.0,2.0,7119931678,-3364,-3426,1085.6864751872688,1141.6452961948448,0,0.0,10,5,20,5,30,50,0,0
8304151308,12,2,5,20,0.0,0.0,5.0,4.908668509436497,0.9817337018872996,109,1,1,1,1.0,6.0,6.0,6.0,1.0,28.0,1.0,8304151308,-3426,-3436,1141.6452961948448,1146.5539647042813,0,0.9817337018872996,10,5,20,5,30,50,0,0
4226521395,12,1,5,10,0.0,0.0,0.0,0.0,0.9817337018872996,120,1,1,1,1.0,6.0,5.0,6.0,1.0,28.0,2.0,4226521395,-3436,-3441,1146.5539647042813,1146.5539647042813,0,0.9817337018872996,10,5,20,5,30,50,0,0
4236072823,12,1,5,10,0.0,0.0,9.0,8.835603316985695,0.9817337018872996,138,1,1,1,4.0,1.0,5.0,3.0,2.0,35.0,2.0,4236072823,-3441,-3455,1146.5539647042813,1155.389568021267,0,0.9817337018872996,10,5,20,5,30,50,0,0
1973059711,12,2,5,20,5.0,4.908668509436497,64.0,62.830956920787166,0.9817337018872996,73,1,1,1,2.0,2.0,3.0,3.0,1.0,53.0,1.0,1973059711,-3455,-3519,1155.389568021267,1213.3118564326178,0,0.9817337018872996,10,5,20,5,30,50,0,0
2369656739,12,2,5,20,0.0,0.0,55.0,53.99535360380147,0.9817337018872996,132,1,1,1,5.0,4.0,1.0,2.0,1.0,27.0,1.0,2369656739,-3519,-3579,1213.3118564326178,1267.3072100364193,0,0.9817337018872996,10,5,20,5,30,50,0,0
5996078519,12,2,5,20,0.0,0.0,0.0,0.0,0.9817337018872996,93,1,1,1,6.0,6.0,2.0,1.0,2.0,26.0,2.0,5996078519,-3579,-3584,1267.3072100364193,1267.3072100364193,0,0.9817337018872996,10,5,20,5,30,50,0,0
8454002637,12,2,5,20,0.0,0.0,29.0,28.470277354731685,0.9817337018872996,126,1,1,1,1.0,6.0,3.0,3.0,1.0,24.0,1.0,8454002637,-3584,-3618,1267.3072100364193,1295.777487391151,0,0.9817337018872996,10,5,20,5,30,50,0,0
6858952181,12,2,5,20,0.0,0.0,0.0,0.0,0.9817337018872996,178,1,1,1,6.0,6.0,2.0,3.0,1.0,30.0,2.0,6858952181,-3618,-3623,1295.777487391151,1295.777487391151,0,0.9817337018872996,10,5,20,5,30,50,0,0
7246225310,12,2,5,20,0.0,0.0,22.0,21.59814144152059,0.9817337018872996,104,1,1,1,3.0,2.0,1.0,3.0,1.0,25.0,1.0,7246225310,-3623,-3650,1295.777487391151,1317.3756288326715,0,0.9817337018872997,10,5,20,5,30,50,0,0
1798540681,12,2,5,20,0.0,0.0,42.0,41.23281547926658,0.9817337018872996,148,1,1,1,4.0,3.0,2.0,5.0,1.0,24.0,2.0,1798540681,-3650,-3697,1317.3756288326715,1358.608444311938,0,0.9817337018872998,10,5,20,5,30,50,0,0
5783822563,12,2,5,20,0.0,0.0,27.0,26.506809950957084,0.9817337018872996,135,1,1,1,4.0,1.0,2.0,2.0,2.0,25.0,2.0,5783822563,-3697,-3729,1358.608444311938,1385.1152542628952,0,0.9817337018872998,10,5,20,5,30,50,0,0
5245341941,12,2,5,20,0.0,0.0,0.0,0.0,0.9817337018872996,121,1,1,1,6.0,1.0,3.0,3.0,1.0,26.0,1.0,5245341941,-3729,-3734,1385.1152542628952,1385.1152542628952,0,0.0,10,5,20,5,30,50,0,0
4195501826,12,1,5,10,0.0,0.0,0.0,0.0,0.9817337018872996,78,1,1,1,6.0,1.0,2.0,2.0,1.0,57.0,1.0,4195501826,-3734,-3739,1385.1152542628952,1385.1152542628952,0,0.9817337018872996,10,5,20,5,30,50,0,0
1471072142,12,2,5,20,0.0,0.0,14.0,13.744271826422192,0.9817337018872996,164,1,1,1,4.0,1.0,2.0,4.0,1.0,26.0,2.0,1471072142,-3739,-3758,1385.1152542628952,1398.8595260893173,0,0.9817337018872996,10,5,20,5,30,50,0,0
2710022217,12,2,5,20,0.0,0.0,45.0,44.17801658492848,0.9817337018872996,108,1,1,1,6.0,1.0,1.0,3.0,1.0,23.0,1.0,2710022217,-3758,-3808,1398.8595260893173,1443.0375426742457,0,0.9817337018872996,10,5,20,5,30,50,0,0
6973848471,12,2,5,20,0.0,0.0,0.0,0.0,0.9817337018872996,55,1,1,1,5.0,2.0,1.0,1.0,1.0,33.0,2.0,6973848471,-3808,-3813,1443.0375426742457,1443.0375426742457,0,0.9817337018872996,10,5,20,5,30,50,0,0
8674317530,12,1,5,10,0.0,0.0,100.0,98.17337018872996,0.9817337018872996,270,1,1,1,3.0,1.0,3.0,5.0,1.0,51.0,1.0,8674317530,-3813,-3918,1443.0375426742457,1541.2109128629756,0,0.9817337018872996,10,5,20,5,30,50,0,0
8851466302,12,1,5,10,0.0,0.0,25.0,24.543342547182487,0.9817337018872996,135,1,1,1,6.0,1.0,1.0,1.0,1.0,23.0,2.0,8851466302,-3918,-3948,1541.2109128629756,1565.754255410158,0,0.9817337018872996,10,5,20,5,30,50,0,0
1889616520,12,2,5,20,0.0,0.0,3.0,2.9452011056618983,0.9817337018872996,120,1,1,1,6.0,6.0,5.0,5.0,1.0,26.0,2.0,1889616520,-3948,-3956,1565.754255410158,1568.69945651582,0,0.9817337018872996,10,5,20,5,30,50,0,0
4776140088,12,1,5,10,0.0,0.0,100.0,98.17337018872996,0.9817337018872996,177,1,1,1,3.0,1.0,5.0,3.0,1.0,42.0,1.0,4776140088,-3956,-4061,1568.69945651582,1666.8728267045499,0,0.9817337018872996,10,5,20,5,30,50,0,0
9672366725,12,1,5,10,0.0,0.0,80.0,78.53869615098395,0.9817337018872996,202,1,1,1,4.0,1.0,3.0,3.0,1.0,32.0,1.0,9672366725,-4061,-4146,1666.8728267045499,1745.4115228555338,0,0.9817337018872997,10,5,20,5,30,50,0,0
5553789769,12,2,5,20,0.0,0.0,100.0,98.17337018872996,0.9817337018872996,93,1,1,1,6.0,1.0,3.0,4.0,1.0,47.0,1.0,5553789769,-4146,-4251,1745.4115228555338,1843.5848930442637,0,0.9817337018872998,10,5,20,5,30,50,0,0
1992447652,12,2,5,20,0.0,0.0,85.0,83.44736466042046,0.9817337018872996,129,1,1,1,6.0,6.0,4.0,3.0,1.0,27.0,1.0,1992447652,-4251,-4341,1843.5848930442637,1927.032257704684,0,0.9817337018872998,10,5,20,5,30,50,0,0
